sponsor_id,name,first_name,middle_name,last_name,suffix,nickname,party_id,party,role_id,role,district
8610,"Joint Budget Committee",,,,,,0,,3,Jnt,
8613,"Bruce Maloch",Bruce,,Maloch,,,1,D,2,Sen,SD-012
8619,"Senate Efficiency",,,,,,0,,2,Sen,
10649,"David Sanders",David,J.,Sanders,,,2,R,2,Sen,SD-015
10650,"Eddie Cheatham",Eddie,L.,Cheatham,,,1,D,2,Sen,SD-026
10651,"Justin Harris",Justin,T.,Harris,,,2,R,1,Rep,HD-081
10652,"Jon Woods",Jon,,Woods,,,2,R,2,Sen,SD-007
10657,"Jane English",Jane,,English,,,2,R,2,Sen,SD-034
10662,"Lane Jean",Lane,,Jean,,,2,R,1,Rep,HD-002
10663,"David Meeks",David,,Meeks,,,2,R,1,Rep,HD-070
10664,"Uvalde Lindsey",Uvalde,,Lindsey,,,1,D,2,Sen,SD-004
10665,"Marshall Wright",Marshall,,Wright,,,1,D,1,Rep,HD-049
10667,"Stephen Meeks",Stephen,,Meeks,,,2,R,1,Rep,HD-067
10668,"Sheilla Lampkin",Sheilla,E.,Lampkin,,,1,D,1,Rep,HD-009
10671,"David Johnson",David,,Johnson,,,1,D,2,Sen,SD-032
10674,"Larry Teague",Larry,R.,Teague,,,1,D,2,Sen,SD-010
10677,"Jake Files",Jake,C.,Files,,,2,R,2,Sen,SD-008
10771,"Betty Overbey",Betty,Warren,Overbey,,,1,D,1,Rep,HD-069
10772,"Linda Chesterfield",Linda,Pondexter,Chesterfield,,,1,D,2,Sen,SD-030
11148,"Keith Ingram",Keith,M.,Ingram,,,1,D,2,Sen,SD-024
11280,"Jeremy Hutchinson",Jeremy,,Hutchinson,,,2,R,2,Sen,SD-033
11362,"David Branscum",David,L.,Branscum,,,2,R,1,Rep,HD-083
11363,"Bill Sample",Bill,,Sample,,,2,R,2,Sen,SD-014
11366,"Cecile Bledsoe",Cecile,Herndon,Bledsoe,,,2,R,2,Sen,SD-003
11684,"Nate Bell",Nate,,Bell,,,2,R,1,Rep,HD-020
11686,"Gary Deffenbaugh",Gary,,Deffenbaugh,,,2,R,1,Rep,HD-079
11687,"Linda Collins-Smith",Linda,,Collins-Smith,,,2,R,2,Sen,SD-019
11693,"Joyce Elliott",Joyce,,Elliott,,,1,D,2,Sen,SD-031
11695,"Eddie Williams",Eddie,Joe,Williams,,,2,R,2,Sen,SD-029
11831,"Jonathan Dismang",Jonathan,,Dismang,,,2,R,2,Sen,SD-028
11832,"David Burnett",David,,Burnett,,,1,D,2,Sen,SD-022
11991,"Greg Leding",Greg,,Leding,,,1,D,1,Rep,HD-086
12014,"Kelley Linck",Kelley,,Linck,,,2,R,1,Rep,HD-099
12020,"Jason Rapert",Jason,,Rapert,,,2,R,2,Sen,SD-035
12047,"Kim Hendren",Kim,D.,Hendren,,,2,R,1,Rep,HD-092
12101,"Missy Irvin",Missy,Thomas,Irvin,,,2,R,2,Sen,SD-018
12108,"Jon Eubanks",Jon,S.,Eubanks,,,2,R,1,Rep,HD-074
12109,"John Vines",John,T.,Vines,,,1,D,1,Rep,HD-025
12110,"Matthew Shepherd",Matthew,J.,Shepherd,,,2,R,1,Rep,HD-006
12158,"Charles Collins",Charles,S.,Collins,,Charlie,2,R,1,Rep,HD-084
12159,"Bryan King",Bryan,B.,King,,,2,R,2,Sen,SD-005
12170,"Bobby Pierce",Bobby,J.,Pierce,,,1,D,2,Sen,SD-027
12186,"Kim Hammer",Kim,,Hammer,,,2,R,1,Rep,HD-028
12235,"David Fielding",David,,Fielding,,,1,D,1,Rep,HD-005
12236,"Stephanie Flowers",Stephanie,,Flowers,,,1,D,2,Sen,SD-025
12242,"Mary Hickerson",Mary,P.,Hickerson,,Prissy,2,R,1,Rep,HD-001
12414,"Jeremy Gillam",Jeremy,,Gillam,,,2,R,1,Rep,HD-045
12464,"Frederick Love",Frederick,J.,Love,,Fred,1,D,1,Rep,HD-029
12468,"Terry Rice",Terry,W.,Rice,,,2,R,2,Sen,SD-009
12470,"Reginald Murdock",Reginald,,Murdock,,,1,D,1,Rep,HD-048
12471,"James Ratliff",James,,Ratliff,,,1,D,1,Rep,HD-060
12481,"John Walker",John,W.,Walker,,,1,D,1,Rep,HD-034
12483,"Gary Stubblefield",Gary,,Stubblefield,,,2,R,2,Sen,SD-006
12578,"Jeff Wardlaw",Jeff,R.,Wardlaw,,,1,D,1,Rep,HD-008
12719,"Bruce Cozart",Bruce,,Cozart,,,2,R,1,Rep,HD-024
14058,"Joe Farrer",Joe,,Farrer,,,2,R,1,Rep,HD-044
14588,"Logan Jett",Logan,,Jett,,Joe,1,D,1,Rep,HD-056
14929,"John Baine",John,,Baine,,,1,D,1,Rep,HD-007
14930,"Bob Ballinger",Bob,,Ballinger,,,2,R,1,Rep,HD-097
14931,"Scott Baltz",Scott,,Baltz,,,1,D,1,Rep,HD-061
14932,"Kenneth Bragg",Kenneth,,Bragg,,Ken,2,R,1,Rep,HD-015
14933,"Mary Broadaway",Mary,,Broadaway,,,1,D,1,Rep,HD-057
14934,"Charles Armstrong",Charles,L.,Armstrong,,,1,D,1,Rep,HD-030
14935,"Charlotte Douglas",Charlotte,Vining,Douglas,,,2,R,1,Rep,HD-075
14937,"Dan Douglas",Dan,,Douglas,,,2,R,1,Rep,HD-091
14938,"David Whitaker",David,J.,Whitaker,,,1,D,1,Rep,HD-085
14939,"Andy Davis",Andy,,Davis,,,2,R,1,Rep,HD-031
14940,"Jim Dotson",Jim,,Dotson,,,2,R,1,Rep,HD-093
14941,"Eddie Armstrong",Eddie,,Armstrong,III,,1,D,1,Rep,HD-037
14942,"Deborah Ferguson",Deborah,,Ferguson,,,1,D,1,Rep,HD-051
14943,"Charlene Fite",Charlene,,Fite,,,2,R,1,Rep,HD-080
14944,"Bill Gossage",Bill,,Gossage,,,2,R,1,Rep,HD-082
14946,"David Hillman",David,,Hillman,,,1,D,1,Rep,HD-013
14947,"Monte Hodges",Monte,,Hodges,,,1,D,1,Rep,HD-055
14948,"Mike Holcomb",Mike,,Holcomb,,,1,D,1,Rep,HD-010
14949,"Douglas House",Douglas,,House,,,2,R,1,Rep,HD-040
14953,"Mark Lowery",Mark,,Lowery,,,2,R,1,Rep,HD-039
14954,"Stephen Magie",Stephen,K.,Magie,,,1,D,1,Rep,HD-072
14955,"Mark McElroy",Mark,D.,McElroy,,,1,D,1,Rep,HD-011
14956,"George McGill",George,B.,McGill,,,1,D,1,Rep,HD-078
14957,"Josh Miller",Josh,,Miller,,,2,R,1,Rep,HD-066
14958,"Micah Neal",Micah,S.,Neal,,,2,R,1,Rep,HD-089
14959,"John Payton",John,,Payton,,,2,R,1,Rep,HD-064
14960,"Chris Richey",Chris,,Richey,,,1,D,1,Rep,HD-012
14961,"Warwick Sabin",Warwick,,Sabin,,,1,D,1,Rep,HD-033
14962,"Sue Scott",Sue,,Scott,,,2,R,1,Rep,HD-095
14963,"Brent Talley",Brent,,Talley,,,1,D,1,Rep,HD-003
14965,"Richard Womack",Richard,,Womack,,,2,R,1,Rep,HD-018
14966,"Alan Clark",Alan,,Clark,,,2,R,2,Sen,SD-013
14968,"Ronald Caldwell",Ronald,,Caldwell,,,2,R,2,Sen,SD-023
14972,"Bart Hester",Bart,,Hester,,,2,R,2,Sen,SD-001
14973,"Jimmy Hickey",Jimmy,,Hickey,Jr.,,2,R,2,Sen,SD-011
14974,"Jim Hendren",Jim,,Hendren,,,2,R,2,Sen,SD-002
16218,"John Cooper",John,R.,Cooper,,,2,R,2,Sen,SD-021
16334,"Brandt Smith",Brandt,,Smith,,,2,R,1,Rep,HD-058
16335,"Jack Ladyman",Jack,,Ladyman,,,2,R,1,Rep,HD-059
16336,"Robin Lundstrum",Robin,,Lundstrum,,,2,R,1,Rep,HD-087
16337,"Dan Sullivan",Dan,,Sullivan,,,2,R,1,Rep,HD-053
16338,"Dwight Tosh",Dwight,,Tosh,,,2,R,1,Rep,HD-052
16339,"David Wallace",David,,Wallace,,,2,R,1,Rep,HD-054
16352,"Lanny Fite",Lanny,,Fite,,,2,R,1,Rep,HD-023
16364,"Rebecca Petty",Rebecca,,Petty,,,2,R,1,Rep,HD-094
16380,"Grant Hodges",Grant,,Hodges,,,2,R,1,Rep,HD-096
16381,"Blake Johnson",Blake,,Johnson,,,2,R,2,Sen,SD-020
16898,"Rick Beck",Rick,,Beck,,,2,R,1,Rep,HD-065
16899,"Camille Bennett",Russ,,Bennett,,,1,D,1,Rep,HD-014
16900,"Mary Bentley",Mary,,Bentley,,,2,R,1,Rep,HD-073
16901,"Charles Blake",Charles,,Blake,,,1,D,1,Rep,HD-036
16902,"Justin Boyd",Justin,,Boyd,,,2,R,1,Rep,HD-077
16903,"Donnie Copeland",Donnie,,Copeland,,,2,R,1,Rep,HD-038
16904,"Jana Della Rosa",Jana,,"Della Rosa",,,2,R,1,Rep,HD-090
16905,"Trevor Drown",Trevor,,Drown,,,2,R,1,Rep,HD-068
16906,"Lance Eads",Lance,,Eads,,,2,R,1,Rep,HD-088
16907,"Les Eaves",Les,,Eaves,,,2,R,1,Rep,HD-046
16908,"Mickey Gates",Mickey,,Gates,,,2,R,1,Rep,HD-022
16909,"Justin Gonzales",Justin,,Gonzales,,,2,R,1,Rep,HD-019
16910,"Kenneth Henderson",Kenneth,,Henderson,,,2,R,1,Rep,HD-071
16911,"Julie Mayberry",Julie,,Mayberry,,,2,R,1,Rep,HD-027
16912,"Ken Ferguson",Ken,,Ferguson,,,1,D,1,Rep,HD-016
16913,"Tim Lemons",Tim,,Lemons,,,2,R,1,Rep,HD-043
16914,"Michael Gray",Michael,John,Gray,,,1,D,1,Rep,HD-047
16915,"Michelle Gray",Michelle,,Gray,,,2,R,1,Rep,HD-062
16916,"Ron Mcnair",Ron,,Mcnair,,,2,R,1,Rep,HD-098
16917,"Milton Nicks",Milton,,Nicks,Jr.,,1,D,1,Rep,HD-050
16918,"Matthew Pitsch",Matthew,W.,Pitsch,,,2,R,1,Rep,HD-076
16919,"Marcus Richmond",Marcus,Edward,Richmond,,,2,R,1,Rep,HD-021
16920,"Laurie Rushing",Laurie,,Rushing,,,2,R,1,Rep,HD-026
16921,"Jim Sorvillo",Jim,,Sorvillo,,,2,R,1,Rep,HD-032
16922,"Nelda Speaks",Nelda,,Speaks,,,2,R,1,Rep,HD-100
16923,"James Sturch",James,,Sturch,,,2,R,1,Rep,HD-063
16924,"Clarke Tucker",Clarke,,Tucker,,,1,D,1,Rep,HD-035
16925,"Vivian Flowers",Vivian,,Flowers,,,1,D,1,Rep,HD-017
16926,"Deann Vaught",Deann,,Vaught,,,2,R,1,Rep,HD-004
16927,"J.P. Johnson",J.P.,Bob,Johnson,,,1,D,1,Rep,HD-042
16963,"Scott Flippo",Scott,P.,Flippo,,,2,R,2,Sen,SD-017
17040,"Karilyn Brown",Karilyn,B.,Brown,,,2,R,1,Rep,HD-041
17436,"House Management","House Management",,"House Management",,,0,,1,Rep,
17699,"Greg Standridge",Greg,,Standridge,,,2,R,2,Sen,SD-016
