sponsor_id,name,first_name,middle_name,last_name,suffix,nickname,party_id,party,role_id,role,district
4228,"Andy Biggs",Andy,,Biggs,,,2,R,2,Sen,SD-012
4230,"Steve Montenegro",Steve,B.,Montenegro,,,2,R,1,Rep,HD-013
4232,"Sylvia Allen",Sylvia,Tenney,Allen,,,2,R,2,Sen,SD-006
4233,"David Gowan",David,,Gowan,,,2,R,1,Rep,HD-014
4234,"Stephen Pierce",Stephen,M.,Pierce,,,2,R,2,Sen,SD-001
4235,"Franklin Pratt",Franklin,M.,Pratt,,Frank,2,R,1,Rep,HD-008
4236,"David Stevens",David,,Stevens,,,2,R,1,Rep,HD-014
4242,"Edward Ableser",Edward,Z.,Ableser,,Eddie,1,D,2,Sen,SD-026
4249,"Lynne Pancrazi",Lynne,,Pancrazi,,,1,D,2,Sen,SD-004
4252,"Judy Burges",Judy,M.,Burges,,,2,R,2,Sen,SD-022
4262,"John Kavanagh",John,,Kavanagh,,,2,R,2,Sen,SD-023
4263,"Debbie Lesko",Debbie,,Lesko,,,2,R,2,Sen,SD-021
4270,"Linda Gray",Linda,,Gray,,,2,R,2,Sen,SD-010
4273,"Nancy Barto",Nancy,K.,Barto,,,2,R,2,Sen,SD-015
4275,"Adam Driggs",Adam,D.,Driggs,,,2,R,2,Sen,SD-028
4287,"Steven Yarbrough",Steven,B.,Yarbrough,,Steve,2,R,2,Sen,SD-017
4297,"Steve Farley",Steve,,Farley,,,1,D,2,Sen,SD-009
4301,"Barbara McGuire",Barbara,,McGuire,,,1,D,2,Sen,SD-008
4302,"Eric Meyer",Eric,D.,Meyer,,,1,D,1,Rep,HD-028
4305,"Olivia Bedford",Olivia,Cajero,Bedford,,,1,D,2,Sen,SD-003
4310,"Robert Meza",Robert,,Meza,,,1,D,2,Sen,SD-030
4311,"David Bradley",David,T.,Bradley,,,1,D,2,Sen,SD-010
4317,"Albert Hale",Albert,,Hale,,,1,D,1,Rep,HD-007
4321,"Richard Miranda",Richard,,Miranda,,,1,D,1,Rep,HD-013
4323,"Debbie McCune-Davis",Debbie,,McCune-Davis,,,1,D,1,Rep,HD-030
4343,"Catherine Miranda",Catherine,H.,Miranda,,,1,D,2,Sen,SD-027
4371,"Rebecca Rios",Rebecca,,Rios,,,1,D,1,Rep,HD-027
10678,"Brenda Barton",Brenda,,Barton,,,2,R,1,Rep,HD-006
10680,"Justin Olson",Justin,,Olson,,,2,R,1,Rep,HD-025
10684,"Karen Fann",Karen,Elizabeth,Fann,,,2,R,1,Rep,HD-001
10685,"Rick Gray",Rick,,Gray,,,2,R,1,Rep,HD-021
10686,"Bob Robson",Bob,,Robson,,,2,R,1,Rep,HD-018
10687,"Jeff Dial",Jeff,,Dial,,,2,R,2,Sen,SD-018
10688,"John Allen",John,M.,Allen,,,2,R,1,Rep,HD-015
10689,"Steve Smith",Steve,,Smith,,,2,R,2,Sen,SD-011
10690,"Kate McGee",Kate,Brophy,McGee,,,2,R,1,Rep,HD-028
10692,"Michelle Ugenti",Michelle,R.,Ugenti,,,2,R,1,Rep,HD-023
10694,"Edwin Farnsworth",Edwin,W.,Farnsworth,,Eddie,2,R,1,Rep,HD-012
10695,"Katie Hobbs",Katie,,Hobbs,,,1,D,2,Sen,SD-024
10696,"Javan Mesnard",Javan,D.,Mesnard,,,2,R,1,Rep,HD-017
10699,"Lela Alston",Lela,,Alston,,,1,D,1,Rep,HD-024
10701,"Heather Carter",Heather,,Carter,,,2,R,1,Rep,HD-015
10704,"Sally Gonzales",Sally,Ann,Gonzales,,,1,D,1,Rep,HD-003
10705,"Macario Saldate",Macario,,Saldate,IV,,1,D,1,Rep,HD-003
10706,"Kimberly Yee",Kimberly,,Yee,,,2,R,2,Sen,SD-020
10708,"Gail Griffin",Gail,,Griffin,,,2,R,2,Sen,SD-014
10711,"Don Shooter",Don,,Shooter,,,2,R,2,Sen,SD-013
11659,"Bruce Wheeler",Bruce,,Wheeler,,,1,D,1,Rep,HD-010
11744,"David Farnsworth",David,Christian,Farnsworth,,,2,R,2,Sen,SD-016
13890,"Phil Lovas",Phil,,Lovas,,,2,R,1,Rep,HD-022
13923,"Martin Quezada",Martin,J.,Quezada,,,1,D,2,Sen,SD-029
14554,"Lupe Contreras",Lupe,Chavira,Contreras,,,1,D,2,Sen,SD-019
14556,"Paul Boyer",Paul,,Boyer,,,2,R,1,Rep,HD-020
14698,"Sonny Borrelli",Sonny,,Borrelli,,,2,R,1,Rep,HD-005
14699,"Doug Coleman",Doug,,Coleman,,,2,R,1,Rep,HD-016
14700,"Andrea Dalessandro",Andrea,D.,Dalessandro,,,1,D,2,Sen,SD-002
14702,"Jonathan Larkin",Jonathan,R.,Larkin,,,1,D,1,Rep,HD-030
14703,"David Livingston",David,Alan,Livingston,,,2,R,1,Rep,HD-022
14704,"Juan Mendez",Juan,Jose,Mendez,,,1,D,1,Rep,HD-026
14705,"Darin Mitchell",Darin,,Mitchell,,,2,R,1,Rep,HD-013
14707,"Warren Petersen",Warren,H.,Petersen,,,2,R,1,Rep,HD-012
14708,"Andrew Sherwood",Andrew,C.,Sherwood,,,1,D,1,Rep,HD-026
14709,"Thomas Shope",Thomas,,Shope,,T.J.,2,R,1,Rep,HD-008
14710,"Victoria Steele",Victoria,,Steele,,,1,D,1,Rep,HD-009
14711,"Bob Thorpe",Bob,,Thorpe,,,2,R,1,Rep,HD-006
14712,"Kelly Townsend",Kelly,J.,Townsend,,,2,R,1,Rep,HD-016
14713,"Kelli Ward",Kelli,,Ward,,,2,R,2,Sen,SD-005
15256,"Lisa Otondo",Lisa,A.,Otondo,,,1,D,1,Rep,HD-004
15257,"Mark Cardenas",Mark,A.,Cardenas,,,1,D,1,Rep,HD-019
15258,"Rosanna Gabaldon",Rosanna,,Gabaldon,,,1,D,1,Rep,HD-002
15259,"Stefanie Mach",Stefanie,,Mach,,,1,D,1,Rep,HD-010
15260,"Bob Worsley",Bob,,Worsley,,,2,R,2,Sen,SD-025
16058,"Carlyle Begay",Carlyle,W.,Begay,,,1,D,2,Sen,SD-007
16506,"Mark Finchem",Mark,,Finchem,,,2,R,1,Rep,HD-011
16507,"Anthony Kern",Anthony,,Kern,,,2,R,1,Rep,HD-020
16508,"Jay Lawrence",Jay,,Lawrence,,,2,R,1,Rep,HD-023
16644,"Russell Bowers",Russell,,Bowers,,Rusty,2,R,1,Rep,HD-025
16645,"Ken Clark",Ken,,Clark,,,1,D,1,Rep,HD-024
16646,"Regina Cobb",Regina,,Cobb,,,2,R,1,Rep,HD-005
16647,"Jill Norgaard",Jill,,Norgaard,,,2,R,1,Rep,HD-018
16648,"Tony Rivero",Tony,,Rivero,,,2,R,1,Rep,HD-021
16649,"Jeff Weninger",Jeff,,Weninger,,,2,R,1,Rep,HD-017
16652,"Vince Leach",Vince,,Leach,,,2,R,1,Rep,HD-011
16749,"John Ackerley",John,Christopher,Ackerley,,,2,R,1,Rep,HD-002
16775,"Richard Andrade",Richard,C.,Andrade,,,1,D,1,Rep,HD-029
16776,"Jennifer Benally",Jennifer,D.,Benally,,,1,D,1,Rep,HD-007
16777,"Randall Friese",Randall,,Friese,,,1,D,1,Rep,HD-009
16778,"Charlene Fernandez",Charlene,R.,Fernandez,,,1,D,1,Rep,HD-004
16878,"Reginald Bolding",Reginald,,Bolding,Jr.,,1,D,1,Rep,HD-027
16879,"Diego Espinoza",Diego,,Espinoza,,,1,D,1,Rep,HD-019
16880,"Ceci Velasquez",Ceci,,Velasquez,,,1,D,1,Rep,HD-029
17036,"Noel Campbell",Noel,W.,Campbell,,,2,R,1,Rep,HD-001
