sponsor_id,name,first_name,middle_name,last_name,suffix,nickname,party_id,party,role_id,role,district
2948,"John DiMaio",John,,DiMaio,,,2,R,1,Rep,HD-023
2949,"Alison McHose",Alison,Littell,McHose,,,2,R,1,Rep,HD-024
3062,"Upendra Chivukula",Upendra,J.,Chivukula,,,1,D,1,Rep,HD-017
3064,"Gary Schaer",Gary,S.,Schaer,,,1,D,1,Rep,HD-036
3066,"Amy Handlin",Amy,H.,Handlin,,,2,R,1,Rep,HD-013
3067,"Pamela Lampitt",Pamela,Rosen,Lampitt,,,1,D,1,Rep,HD-006
3068,"Vincent Prieto",Vincent,,Prieto,,,1,D,1,Rep,HD-032
3069,"Patrick Diegnan",Patrick,J.,Diegnan,Jr.,,1,D,1,Rep,HD-018
3070,"Angel Fuentes",Angel,,Fuentes,,,1,D,1,Rep,HD-005
3071,"Reed Gusciora",Reed,,Gusciora,,,1,D,1,Rep,HD-015
3072,"John McKeon",John,F.,McKeon,,,1,D,1,Rep,HD-027
3073,"John Wisniewski",John,S.,Wisniewski,,,1,D,1,Rep,HD-019
3074,"Jon Bramnick",Jon,M.,Bramnick,,,2,R,1,Rep,HD-021
3075,"Nancy Munoz",Nancy,F.,Munoz,,,2,R,1,Rep,HD-021
3076,"Linda Stender",Linda,A.,Stender,,,1,D,1,Rep,HD-022
3077,"James Holzapfel",James,W.,Holzapfel,,,2,R,2,Sen,SD-010
3078,"David Wolfe",David,W.,Wolfe,,,2,R,1,Rep,HD-010
3079,"Linda Greenstein",Linda,R.,Greenstein,,,1,D,2,Sen,SD-014
3081,"Ronald Dancer",Ronald,S.,Dancer,,,2,R,1,Rep,HD-012
3083,"Thomas Giblin",Thomas,P.,Giblin,,Tom,1,D,1,Rep,HD-034
3085,"Bonnie Coleman",Bonnie,Watson,Coleman,,,1,D,1,Rep,HD-015
3086,"Jay Webber",Jay,,Webber,,,2,R,1,Rep,HD-026
3087,"Dawn Addiego",Dawn,Marie,Addiego,,,2,R,2,Sen,SD-008
3090,"Brian Rumpf",Brian,E.,Rumpf,,,2,R,1,Rep,HD-009
3091,"Anthony M. Bucco",Anthony,M.,Bucco,,,2,R,1,Rep,HD-025
3092,"Scott Rumana",Scott,T.,Rumana,,,2,R,1,Rep,HD-040
3093,"Declan O'Scanlon",Declan,J.,O'Scanlon,Jr.,,2,R,1,Rep,HD-013
3095,"David Rible",David,P.,Rible,,,2,R,1,Rep,HD-030
3096,"David Russo",David,C.,Russo,,,2,R,1,Rep,HD-040
3097,"Samuel Thompson",Samuel,D.,Thompson,,,2,R,2,Sen,SD-012
3099,"Mary Angelini",Mary,Pat,Angelini,,,2,R,1,Rep,HD-011
3100,"Caroline Casagrande",Caroline,,Casagrande,,,2,R,1,Rep,HD-011
3105,"Erik Peterson",Erik,,Peterson,,,2,R,1,Rep,HD-023
3106,"Valerie Huttle",Valerie,Vainieri,Huttle,,,1,D,1,Rep,HD-037
3107,"Michael Carroll",Michael,Patrick,Carroll,,,2,R,1,Rep,HD-025
3108,"Gordon Johnson",Gordon,M.,Johnson,,,1,D,1,Rep,HD-037
3109,"DiAnne Gove",DiAnne,C.,Gove,,,2,R,1,Rep,HD-009
3112,"Sheila Oliver",Sheila,Y.,Oliver,,,1,D,1,Rep,HD-034
3113,"Celeste Riley",Celeste,M.,Riley,,,1,D,1,Rep,HD-003
3114,"Ralph Caputo",Ralph,R.,Caputo,,,1,D,1,Rep,HD-028
3116,"Wayne DeAngelo",Wayne,P.,DeAngelo,,,1,D,1,Rep,HD-014
3117,"Cleopatra Tucker",Cleopatra,G.,Tucker,,,1,D,1,Rep,HD-028
3123,"Joseph Egan",Joseph,V.,Egan,,,1,D,1,Rep,HD-017
3124,"Paul Moriarty",Paul,D.,Moriarty,,,1,D,1,Rep,HD-004
3125,"John Burzichelli",John,J.,Burzichelli,,,1,D,1,Rep,HD-003
3126,"Nellie Pou",Nellie,,Pou,,,1,D,2,Sen,SD-035
3127,"Herbert Conaway",Herbert,C.,Conaway,Jr.,Herb,1,D,1,Rep,HD-007
3128,"Annette Quijano",Annette,,Quijano,,,1,D,1,Rep,HD-020
3129,"Joseph Cryan",Joseph,,Cryan,,,1,D,1,Rep,HD-020
3130,"Louis Greenwald",Louis,D.,Greenwald,,,1,D,1,Rep,HD-006
3131,"Charles Mainor",Charles,,Mainor,,,1,D,1,Rep,HD-031
3132,"Mila Jasey",Mila,M.,Jasey,,,1,D,1,Rep,HD-027
3133,"Grace Spencer","L. Grace",,Spencer,,,1,D,1,Rep,HD-029
3134,"Gerald Green",Gerald,,Green,,Jerry,1,D,1,Rep,HD-022
3135,"Peter Barnes",Peter,J.,Barnes,III,,1,D,2,Sen,SD-018
3136,"Craig Coughlin",Craig,J.,Coughlin,,,1,D,1,Rep,HD-019
3138,"Robert Smith",Robert,,Smith,,Bob,1,D,2,Sen,SD-017
3139,"Christopher Bateman",Christopher,S.,Bateman,,Kip,2,R,2,Sen,SD-016
3140,"Robert Gordon",Robert,M.,Gordon,,,1,D,2,Sen,SD-038
3141,"Jennifer Beck",Jennifer,,Beck,,,2,R,2,Sen,SD-011
3142,"James Beach",James,,Beach,,,1,D,2,Sen,SD-006
3143,"Gilbert Wilson",Gilbert,L.,Wilson,,,1,D,1,Rep,HD-005
3144,"Donald Norcross",Donald,W.,Norcross,,,1,D,2,Sen,SD-005
3145,"James Whelan",James,,Whelan,,Jim,1,D,2,Sen,SD-002
3147,"Raymond Lesniak",Raymond,J.,Lesniak,,,1,D,2,Sen,SD-020
3148,"Stephen Sweeney",Stephen,M.,Sweeney,,,1,D,2,Sen,SD-003
3149,"Fred Madden",Fred,H.,Madden,Jr.,,1,D,2,Sen,SD-004
3150,"Joseph Pennacchio",Joseph,,Pennacchio,,,2,R,2,Sen,SD-026
3153,"Jeff Van Drew",Jeff,,"Van Drew",,,1,D,2,Sen,SD-001
3154,"Nicholas Scutari",Nicholas,P.,Scutari,,,1,D,2,Sen,SD-022
3155,"Kevin O'Toole",Kevin,J.,O'Toole,,,2,R,2,Sen,SD-040
3158,"Joseph Vitale",Joseph,F.,Vitale,,,1,D,2,Sen,SD-019
3159,"Steven Oroho",Steven,V.,Oroho,,,2,R,2,Sen,SD-024
3160,"Joseph Kyrillos",Joseph,M.,Kyrillos,Jr.,,2,R,2,Sen,SD-013
3161,"Richard Codey",Richard,J.,Codey,,,1,D,2,Sen,SD-027
3164,"Thomas Kean",Thomas,H.,Kean,Jr.,,2,R,2,Sen,SD-021
3165,"Anthony R. Bucco",Anthony,R.,Bucco,,,2,R,2,Sen,SD-025
3166,"Gerald Cardinale",Gerald,,Cardinale,,,2,R,2,Sen,SD-039
3169,"Brian Stack",Brian,P.,Stack,,,1,D,2,Sen,SD-033
3170,"Michael Doherty",Michael,J.,Doherty,,,2,R,2,Sen,SD-023
3174,"Teresa Ruiz","M. Teresa",,Ruiz,,,1,D,2,Sen,SD-029
3175,"Nia Gill",Nia,H.,Gill,,,1,D,2,Sen,SD-034
3180,"Sandra Cunningham",Sandra,Bolden,Cunningham,,,1,D,2,Sen,SD-031
3181,"Loretta Weinberg",Loretta,,Weinberg,,,1,D,2,Sen,SD-037
3182,"Paul Sarlo",Paul,A.,Sarlo,,,1,D,2,Sen,SD-036
3201,"Ronald Rice",Ronald,L.,Rice,,,1,D,2,Sen,SD-028
3206,"Robert Singer",Robert,W.,Singer,,,2,R,2,Sen,SD-030
3207,"Christopher Connors",Christopher,J.,Connors,,,2,R,2,Sen,SD-009
3208,"Sean Kean",Sean,T.,Kean,,,2,R,1,Rep,HD-030
3209,"Shirley Turner",Shirley,K.,Turner,,,1,D,2,Sen,SD-015
3210,"Diane Allen",Diane,B.,Allen,,,2,R,2,Sen,SD-007
3212,"Nicholas Sacco",Nicholas,J.,Sacco,,,1,D,2,Sen,SD-032
9618,"Jason O'Donnell",Jason,,O'Donnell,,,1,D,1,Rep,HD-031
10644,"Daniel Benson",Daniel,R.,Benson,,,1,D,1,Rep,HD-014
13506,"Troy Singleton",Troy,,Singleton,,,1,D,1,Rep,HD-007
13522,"Jack Ciattarelli",Jack,M.,Ciattarelli,,,2,R,1,Rep,HD-016
13695,"Angelica Jimenez",Angelica,M.,Jimenez,,,1,D,1,Rep,HD-032
13696,"Holly Schepisi",Holly,,Schepisi,,,2,R,1,Rep,HD-039
13697,"Timothy Eustace",Timothy,J.,Eustace,,,1,D,1,Rep,HD-038
13698,"Chris Brown",Chris,A.,Brown,,,2,R,1,Rep,HD-002
13700,"Benjie Wimberly",Benjie,E.,Wimberly,,,1,D,1,Rep,HD-035
13701,"Christopher Brown",Christopher,J.,Brown,,,2,R,1,Rep,HD-008
13703,"Shavonda Sumter",Shavonda,E.,Sumter,,,1,D,1,Rep,HD-035
13704,"Gregory McGuckin",Gregory,P.,McGuckin,,,2,R,1,Rep,HD-010
13848,"Marlene Caride",Marlene,,Caride,,,1,D,1,Rep,HD-036
13860,"Donna Simon",Donna,M.,Simon,,,2,R,1,Rep,HD-016
13861,"Robert Clifton",Robert,D.,Clifton,,,2,R,1,Rep,HD-012
13887,"BettyLou DeCroce",BettyLou,,DeCroce,,,2,R,1,Rep,HD-026
13926,"Gabriela Mosquera",Gabriela,M.,Mosquera,,,1,D,1,Rep,HD-004
15978,"Robert Andrzejczak",Robert,,Andrzejczak,,Bob,1,D,1,Rep,HD-001
15979,"Parker Space",Parker,,Space,,,2,R,1,Rep,HD-024
16067,"Eliana Marin",Eliana,Pintor,Marin,,,1,D,1,Rep,
16145,"Robert Auth",Robert,,Auth,,,2,R,1,Rep,HD-039
16146,"Samuel Fiocchi",Samuel,L.,Fiocchi,Sr.,,2,R,1,Rep,HD-001
16147,"Carmelo Garcia",Carmelo,G.,Garcia,,,1,D,1,Rep,HD-033
16148,"Joseph Lagana",Joseph,A.,Lagana,,,1,D,1,Rep,HD-038
16149,"Vincent Mazzeo",Vincent,,Mazzeo,,,0,,1,Rep,
16150,"Raj Mukherji",Raj,,Mukherji,,,1,D,1,Rep,HD-033
16151,"Nancy Pinkin",Nancy,J.,Pinkin,,,1,D,1,Rep,HD-018
16152,"Maria Rodriguez-Gregg",Maria,,Rodriguez-Gregg,,,2,R,1,Rep,HD-008
16264,"Joe Danielsen",Joe,,Danielsen,,,0,,1,Rep,
16360,"Nilsa Cruz-Perez",Nilsa,I.,Cruz-Perez,,,1,D,2,Sen,HD-005
17438,"Adam Taliaferro",Adam,J.,Taliaferro,,,1,D,1,Rep,
17612,"Jamel Holley",Jamel,C.,Holley,,,1,D,1,Rep,
17613,"Elizabeth Maher Smith",Elizabeth,,"Maher Smith",,,1,D,1,Rep,
17723,"Patricia Jones",Patricia,Egan,Jones,,,1,D,1,Rep,HD-005
17731,"Gail Phoebus",Gail,,Phoebus,,,2,R,1,Rep,HD-024
