sponsor_id,name,first_name,middle_name,last_name,suffix,nickname,party_id,party,role_id,role,district
2202,"Terry Alexander",Terry,,Alexander,,,1,D,1,Rep,HD-059
2203,"Karl Allen",Karl,B.,Allen,,,1,D,2,Sen,SD-007
2204,"Merita Allison",Merita,A.,Allison,,Rite,2,R,1,Rep,HD-036
2205,"Carl Anderson",Carl,L.,Anderson,,,1,D,1,Rep,HD-103
2206,"Michael Anthony",Michael,A.,Anthony,,Mike,1,D,1,Rep,HD-042
2207,"Jimmy Bales",Jimmy,C.,Bales,,,1,D,1,Rep,HD-080
2208,"Nathan Ballentine",Nathan,,Ballentine,,,2,R,1,Rep,HD-071
2209,"Bruce Bannister",Bruce,W.,Bannister,,,2,R,1,Rep,HD-024
2212,"Eric Bedingfield",Eric,M.,Bedingfield,,,2,R,1,Rep,HD-028
2213,"Kenneth Bingham",Kenneth,A.,Bingham,,Kenny,2,R,1,Rep,HD-089
2215,"William Bowers",William,K.,Bowers,,Bill,1,D,1,Rep,HD-122
2219,"Grady Brown",Grady,A.,Brown,,,1,D,1,Rep,HD-050
2221,"Robert Brown",Robert,L.,Brown,,,1,D,1,Rep,HD-116
2224,"Alan Clemmons",Alan,D.,Clemmons,,,2,R,1,Rep,HD-107
2225,"William Clyburn",William,,Clyburn,,Bill,1,D,1,Rep,HD-082
2226,"Gilda Cobb-Hunter",Gilda,,Cobb-Hunter,,,1,D,1,Rep,HD-066
2227,"Derham Cole","J. Derham",,Cole,Jr.,,2,R,1,Rep,HD-032
2229,"Kristopher Crawford",Kristopher,R.,Crawford,,Kris,2,R,1,Rep,HD-063
2230,"Joseph Daning",Joseph,S.,Daning,,Joe,2,R,1,Rep,HD-092
2231,"Gregory Delleney","F. Gregory",,Delleney,Jr.,Greg,2,R,1,Rep,HD-043
2232,"Chandra Dillard",Chandra,E.,Dillard,,,1,D,1,Rep,HD-023
2235,"Shannon Erickson",Shannon,S.,Erickson,,,2,R,1,Rep,HD-124
2236,"Michael Forrester","P. Michael",,Forrester,,Mike,2,R,1,Rep,HD-034
2238,"Laurie Funderburk",Laurie,Slade,Funderburk,,,1,D,1,Rep,HD-052
2239,"Michael Gambrell",Michael,W.,Gambrell,,Mike,2,R,2,Sen,HD-007
2240,"Wendell Gilliard",Wendell,G.,Gilliard,,,1,D,1,Rep,HD-111
2241,"Jerry Govan",Jerry,N.,Govan,Jr.,,1,D,1,Rep,HD-095
2244,"Daniel Hamilton",Daniel,P.,Hamilton,,Dan,2,R,1,Rep,HD-020
2245,"Nelson Hardwick",Nelson,L.,Hardwick,,,2,R,1,Rep,HD-106
2248,"Christopher Hart",Christopher,R.,Hart,,Chris,1,D,1,Rep,HD-073
2250,"Jackie Hayes",Jackie,E.,Hayes,,Coach,1,D,1,Rep,HD-055
2252,"William Herbkersman",William,G.,Herbkersman,,Bill,2,R,1,Rep,HD-118
2253,"Davey Hiott",Davey,R.,Hiott,,David,2,R,1,Rep,HD-004
2254,"Kenneth Hodges",Kenneth,F.,Hodges,,,1,D,1,Rep,HD-121
2255,"Jenny Horne",Jenny,Anderson,Horne,,,2,R,1,Rep,HD-094
2256,"Lonnie Hosey",Lonnie,,Hosey,,,1,D,1,Rep,HD-091
2257,"Leon Howard",Leon,,Howard,,,1,D,1,Rep,HD-076
2258,"Chip Huggins",Chip,,Huggins,,,2,R,1,Rep,HD-085
2260,"Joseph Jefferson",Joseph,H.,Jefferson,Jr.,,1,D,1,Rep,HD-102
2264,"John King",John,R.,King,,,1,D,1,Rep,HD-049
2266,"Patsy Knight",Patsy,G.,Knight,,,1,D,1,Rep,HD-097
2267,"Harry Limehouse",Harry,Bancroft,Limehouse,III,Chip,2,R,1,Rep,HD-110
2269,"Dwight Loftis",Dwight,A.,Loftis,,,2,R,1,Rep,HD-019
2270,"Deborah Long",Deborah,A.,Long,,,2,R,1,Rep,HD-045
2271,"Phillip Lowe",Phillip,D.,Lowe,,,2,R,1,Rep,HD-060
2272,"James Lucas",James,H.,Lucas,,Jay,2,R,1,Rep,HD-065
2273,"David Mack",David,J.,Mack,III,,1,D,1,Rep,HD-109
2274,"Joseph McEachern",Joseph,A.,McEachern,,Joe,1,D,1,Rep,HD-077
2275,"Walton McLeod",Walton,J.,McLeod,III,Walt,1,D,1,Rep,HD-040
2276,"James Merrill",James,H.,Merrill,,,2,R,1,Rep,HD-099
2279,"Harold Mitchell",Harold,,Mitchell,Jr.,,1,D,1,Rep,HD-031
2280,"Dennis Moss",Dennis,Carroll,Moss,,,2,R,1,Rep,HD-029
2281,"Steve Moss",Steve,,Moss,,,2,R,1,Rep,HD-030
2282,"Wendy Nanney",Wendy,K.,Nanney,,,2,R,1,Rep,HD-022
2284,"Joseph Neal",Joseph,H.,Neal,,Joe,1,D,1,Rep,HD-070
2286,"Ralph Norman",Ralph,W.,Norman,,,2,R,1,Rep,HD-048
2287,"Harry Ott",Harry,L.,Ott,Jr.,,1,D,1,Rep,HD-093
2290,"Anne Parks",Anne,,Parks,,,1,D,1,Rep,HD-012
2293,"Michael Pitts",Michael,A.,Pitts,,Mike,2,R,1,Rep,HD-014
2295,"Todd Rutherford","J. Todd",,Rutherford,,,1,D,1,Rep,HD-074
2296,"William Sandifer",William,E.,Sandifer,III,Bill,2,R,1,Rep,HD-002
2299,"Gary Simrill","J. Gary",,Simrill,,,2,R,1,Rep,HD-046
2302,"Murrell Smith",Murrell,,Smith,Jr.,,2,R,1,Rep,HD-067
2303,"Garry Smith",Garry,R.,Smith,,,2,R,1,Rep,HD-027
2305,"James Smith",James,E.,Smith,Jr.,,1,D,1,Rep,HD-072
2306,"Michael Sottile","F. Michael",,Sottile,,Mike,2,R,1,Rep,HD-112
2307,"Kit Spires","L. Kit",,Spires,,,2,R,1,Rep,HD-096
2308,"Leonidas Stavrinakis",Leonidas,E.,Stavrinakis,,Leon,1,D,1,Rep,HD-119
2310,"Tommy Stringer",Tommy,M.,Stringer,,,2,R,1,Rep,HD-018
2312,"McLain Toole",McLain,R.,Toole,,Mac,2,R,1,Rep,HD-088
2316,"David Weeks","J. David",,Weeks,,,1,D,1,Rep,HD-051
2317,"Jackson Whipper",Jackson,S.,Whipper,,Seth,1,D,1,Rep,HD-113
2318,"Brian White","W. Brian",,White,,,2,R,1,Rep,HD-006
2319,"William Whitmire",William,R.,Whitmire,,Bill,2,R,1,Rep,HD-001
2320,"Robert Williams",Robert,Q.,Williams,,,1,D,1,Rep,HD-062
2321,"Mark Willis",Mark,N.,Willis,,,2,R,1,Rep,HD-016
2324,"Thomas Young",Thomas,R.,Young,Jr.,Tom,2,R,2,Sen,SD-024
2325,"Thomas Alexander",Thomas,C.,Alexander,,,2,R,2,Sen,SD-001
2327,"Lee Bright",Lee,,Bright,,,2,R,2,Sen,SD-012
2328,"Kevin Bryant",Kevin,L.,Bryant,,,2,R,2,Sen,SD-003
2329,"Paul Campbell",Paul,G.,Campbell,Jr.,,2,R,2,Sen,SD-044
2330,"George Campsen",George,E.,Campsen,III,Chip,2,R,2,Sen,SD-043
2331,"Raymond Cleary",Raymond,E.,Cleary,III,,2,R,2,Sen,SD-034
2332,"Creighton Coleman",Creighton,B.,Coleman,,,1,D,2,Sen,SD-017
2333,"John Courson",John,E.,Courson,,,2,R,2,Sen,SD-020
2334,"Ronnie Cromer",Ronnie,W.,Cromer,,,2,R,2,Sen,SD-018
2335,"Thomas Davis",Thomas,C.,Davis,,Tom,2,R,2,Sen,SD-046
2337,"Michael Fair",Michael,L.,Fair,,,2,R,2,Sen,SD-006
2339,"Lawrence Grooms",Lawrence,K.,Grooms,,Larry,2,R,2,Sen,SD-037
2340,"Robert Hayes",Robert,Wesley,Hayes,Jr.,Wes,2,R,2,Sen,SD-015
2341,"Bradley Hutto","C. Bradley",,Hutto,,Brad,1,D,2,Sen,SD-040
2342,"Darrell Jackson",Darrell,,Jackson,,,1,D,2,Sen,SD-021
2345,"Hugh Leatherman",Hugh,K.,Leatherman,Sr.,,2,R,2,Sen,SD-031
2347,"Joel Lourie",Joel,B.,Lourie,,,1,D,2,Sen,SD-022
2348,"Gerald Malloy",Gerald,,Malloy,,,1,D,2,Sen,SD-029
2349,"Larry Martin",Larry,A.,Martin,,,2,R,2,Sen,SD-002
2350,"Shane Martin",Shane,R.,Martin,,,2,R,2,Sen,SD-013
2351,"Shane Massey","A. Shane",,Massey,,,2,R,2,Sen,SD-025
2352,"John Matthews",John,W.,Matthews,Jr.,,1,D,2,Sen,SD-039
2356,"Floyd Nicholson",Floyd,,Nicholson,,,1,D,2,Sen,SD-010
2357,"William Odell",William,H.,Odell,,,2,R,2,Sen,SD-004
2358,"Harvey Peeler",Harvey,Smith,Peeler,Jr.,,2,R,2,Sen,SD-014
2359,"Clementa Pinckney",Clementa,C.,Pinckney,,,1,D,2,Sen,SD-045
2360,"Luke Rankin",Luke,A.,Rankin,,,2,R,2,Sen,SD-033
2361,"Glenn Reese",Glenn,G.,Reese,,,1,D,2,Sen,SD-011
2364,"John Scott",John,L.,Scott,Jr.,,1,D,2,Sen,SD-019
2365,"Nikki Setzler",Nikki,Giles,Setzler,,,1,D,2,Sen,SD-026
2366,"Vincent Sheheen",Vincent,A.,Sheheen,,,1,D,2,Sen,SD-027
2369,"Danny Verdin",Danny,B.,Verdin,III,,2,R,2,Sen,SD-009
2370,"Kent Williams",Kent,M.,Williams,,,1,D,2,Sen,SD-030
10947,"Todd Atwater",Todd,K.,Atwater,,,2,R,1,Rep,HD-087
10948,"William Crosby",William,E.,Crosby,,Bill,2,R,1,Rep,HD-117
10949,"William Hixon",William,M.,Hixon,,Bill,2,R,1,Rep,HD-083
10950,"Peter McCoy",Peter,M.,McCoy,Jr.,,2,R,1,Rep,HD-115
10951,"Christopher Murphy",Christopher,J.,Murphy,,Chris,2,R,1,Rep,HD-098
10954,"Bill Taylor",Bill,,Taylor,,,2,R,1,Rep,HD-086
10955,"Anne Thayer",Anne,J.,Thayer,,,2,R,1,Rep,HD-009
11097,"Norman Brannon",Norman,D.,Brannon,,Doug,2,R,1,Rep,HD-038
11118,"Thomas Corbin",Thomas,D.,Corbin,,Tom,2,R,1,Rep,HD-017
11216,"William Chumley",William,M.,Chumley,,Bill,2,R,1,Rep,HD-035
11219,"Thomas Pope",Thomas,E.,Pope,,Tommy,2,R,1,Rep,HD-047
11220,"Rick Quinn",Rick,,Quinn,,,2,R,1,Rep,HD-069
11221,"Ronnie Sabb",Ronnie,A.,Sabb,,,1,D,2,Sen,SD-032
11222,"Edward Tallon",Edward,R.,Tallon,Sr.,Eddie,2,R,1,Rep,HD-033
11266,"Phyllis Henderson",Phyllis,J.,Henderson,,,2,R,1,Rep,HD-021
13014,"Kevin Johnson",Kevin,L.,Johnson,,,1,D,2,Sen,SD-036
13019,"Chauncey Gregory",Chauncey,Klugh,Gregory,,Greg,2,R,2,Sen,SD-016
13691,"Labor, Commerce and Industry",,,,,,0,,2,Sen,
13702,"Ways and Means",,,,,,0,,1,Rep,
13711,"Joshua Putnam",Joshua,A.,Putnam,,,2,R,1,Rep,HD-010
13712,Education,,,,,,0,,2,Sen,
13715,"Edward Southard",Edward,L.,Southard,,,2,R,1,Rep,HD-100
13718,Judiciary,,,,,,0,,2,Sen,
13722,"Fish, Game and Forestry",,,,,,0,,2,Sen,
13725,"Medical, Military, Public and Municipal Affairs",,,,,,0,,1,Rep,
13752,"Education and Public Works",,,,,,0,,1,Rep,
13867,"Medical Affairs",,,,,,0,,2,Sen,
14031,"Thomas McElveen",Thomas,,McElveen,III,,1,D,2,Sen,SD-035
14032,"Stephen Goldfinch",Stephen,L.,Goldfinch,Jr.,,2,R,1,Rep,HD-108
14033,"Kevin Hardee",Kevin,,Hardee,,,2,R,1,Rep,HD-105
14034,"Don Wells",Don,L.,Wells,,,2,R,1,Rep,HD-081
14035,"Donna Wood",Donna,H.,Wood,,,2,R,1,Rep,HD-037
14066,"Mia McLeod",Mia,S.,McLeod,,,1,D,1,Rep,HD-079
14067,"Kirkman Finlay",Kirkman,,Finlay,III,,2,R,1,Rep,HD-075
14069,"Katrina Shealy",Katrina,Frye,Shealy,,,2,R,2,Sen,SD-023
14070,"Greg Hembree",Greg,,Hembree,,,2,R,2,Sen,SD-028
14186,"Sean Bennett",,,,,,0,,2,Sen,
14187,"Beth Bernstein",Beth,E.,Bernstein,,,1,D,1,Rep,HD-078
14296,"MaryGail Douglas",MaryGail,K.,Douglas,,,1,D,1,Rep,HD-041
14297,"Raye Felder",Raye,,Felder,,,2,R,1,Rep,HD-026
14298,"Craig Gagnon",Craig,A.,Gagnon,,,2,R,1,Rep,HD-011
14299,"Wayne George","J. Wayne",,George,,,1,D,1,Rep,HD-057
14300,"Heather Crawford",Heather,Ammons,Crawford,,,2,R,1,Rep,HD-068
14301,"Weston Newton",Weston,,Newton,,,2,R,1,Rep,HD-120
14302,"Mandy Norrell",Mandy,Powers,Norrell,,,1,D,1,Rep,HD-044
14303,"Robert Ridgeway",Robert,L.,Ridgeway,III,,1,D,1,Rep,HD-064
14304,"Robert Riley",Robert,Shannon,Riley,,,2,R,1,Rep,HD-013
14305,"Samuel Rivers",Samuel,,Rivers,Jr.,,2,R,1,Rep,HD-015
14306,"Leola Robinson-Simpson",Leola,C.,Robinson-Simpson,,,1,D,1,Rep,HD-025
14307,"Mike Ryhal",Mike,,Ryhal,,,2,R,1,Rep,HD-056
14449,"Paul Thurmond",Paul,,Thurmond,,,2,R,2,Sen,SD-041
14450,"Ross Turner",Ross,,Turner,,,2,R,2,Sen,SD-008
15282,"Ralph Kennedy",Ralph,Shealy,Kennedy,Jr.,,2,R,1,Rep,HD-039
15975,"James Burns",James,Mikell,Burns,,Mike,2,R,1,Rep,HD-017
16070,"Marlon Kimpson",Marlon,E.,Kimpson,,,1,D,2,Sen,SD-042
16116,"Russell Ott",Russell,L.,Ott,,,1,D,1,Rep,HD-093
16246,"Banking and Insurance",,,,,,0,,2,Sen,
16320,"Justin Bamberg",Justin,T.,Bamberg,,,1,D,1,Rep,HD-090
16321,"Jeffrey Bradley",Jeffrey,A.,Bradley,,Jeff,2,R,1,Rep,HD-123
16322,"Gary Clary",Gary,E.,Clary,,,2,R,1,Rep,HD-003
16323,"Neal Collins",Neal,A.,Collins,,,2,R,1,Rep,HD-005
16324,"Christopher Corley",Christopher,A.,Corley,,Chris,2,R,1,Rep,HD-084
16325,"Gregory Duckworth",Gregory,A.,Duckworth,,,2,R,1,Rep,HD-104
16326,"Patricia Henegan",Patricia,Moore,Henegan,,Pat,1,D,1,Rep,HD-054
16327,"Jonathon Hill",Jonathon,D.,Hill,,,2,R,1,Rep,HD-008
16328,"Jeffrey Johnson",Jeffrey,E.,Johnson,,Jeff,2,R,1,Rep,HD-058
16329,"Roger Kirby",Roger,K.,Kirby,,,1,D,1,Rep,HD-061
16330,"Mary Tinkler",Mary,E.,Tinkler,,,1,D,1,Rep,HD-114
16331,"Cezar McKnight",Cezar,E.,McKnight,,,1,D,1,Rep,HD-101
16332,"Richard Yow",Richard,L.,Yow,,Richie,2,R,1,Rep,HD-053
17690,Finance,,,,,,0,,2,Sen,
17693,"Wallace Jordan",Wallace,H.,Jordan,Jr.,Jay,2,R,1,Rep,HD-063
17736,"Margie Matthews",Margie,Bright,Matthews,,,1,D,2,Sen,SD-045
17737,"Russell Fry",Russell,W.,Fry,,,2,R,1,Rep,HD-106
17859,"Regulations and Administrative Procedures",,,,,,0,,1,Rep,
17959,"Sylleste Davis",Sylleste,H.,Davis,,,2,R,1,Rep,HD-100
