sponsor_id,name,first_name,middle_name,last_name,suffix,nickname,party_id,party,role_id,role,district
2593,"Janet Ancel",Janet,,Ancel,,,1,D,1,Rep,HD-WAS6
2599,"Clement Bissonnette",Clement,,Bissonnette,,Clem,1,D,1,Rep,HD-CHI6-7
2601,"William Botzow",William,,Botzow,,Bill,1,D,1,Rep,HD-BEN1
2602,"Carolyn Branagan",Carolyn,Whitney,Branagan,,,2,R,1,Rep,HD-FRA1
2603,"Christopher Bray",Christopher,A.,Bray,,,1,D,2,Sen,SD-ADD
2604,"Patrick Brennan",Patrick,M.,Brennan,,,2,R,1,Rep,HD-CHI9-2
2605,"Cynthia Browning",Cynthia,,Browning,,,1,D,1,Rep,HD-BEN4
2606,"Mollie Burke",Mollie,S.,Burke,,,1,D,1,Rep,HD-WIN2-2
2607,"William Canfield",William,,Canfield,,Bill,2,R,1,Rep,HD-RUT3
2610,"Alison Clarkson",Alison,H.,Clarkson,,,1,D,1,Rep,HD-WIN5
2612,"James Condon",James,,Condon,,Jim,1,D,1,Rep,HD-CHI9-1
2613,"Charles Conquest",Charles,,Conquest,,Chip,1,D,1,Rep,HD-ORA
2615,"Sarah Copeland-Hanzas",Sarah,,Copeland-Hanzas,,,1,D,1,Rep,HD-ORA2
2616,"Timothy Corcoran",Timothy,R.,Corcoran,II,,1,D,1,Rep,HD-BEN2-1
2619,"Susan Davis",Susan,Hatch,Davis,,,1,D,1,Rep,HD-ORA1
2620,"David Deen",David,L.,Deen,,,1,D,1,Rep,HD-WIN4
2621,"Dennis Devereux",Dennis,J.,Devereux,,,2,R,1,Rep,HD-RUT2
2622,"Eileen Dickinson",Eileen,,Dickinson,,Lynn,2,R,1,Rep,HD-FRA3-2
2624,"Anne Donahue",Anne,B.,Donahue,,,2,R,1,Rep,HD-WAS1
2625,"Johannah Donovan",Johannah,Leddy,Donovan,,,1,D,1,Rep,HD-CHI6-5
2627,"Alice Emmons",Alice,M.,Emmons,,,1,D,1,Rep,HD-WIN3-2
2628,"Debbie Evans",Debbie,,Evans,,,1,D,1,Rep,HD-CHI8-1
2629,"Peter Fagan",Peter,J.,Fagan,,,2,R,1,Rep,HD-RUT5-1
2631,"William Frank",William,,Frank,,Bill,1,D,1,Rep,HD-CHI3
2633,"Patsy French",Patsy,,French,,,1,D,1,Rep,HD-ORA
2636,"Maxine Grad",Maxine,Jo,Grad,,,1,D,1,Rep,HD-WAS7
2637,"Adam Greshin",Adam,,Greshin,,,3,I,1,Rep,HD-WAS7
2638,"Sandy Haas",Sandy,,Haas,,,1,D,1,Rep,HD-WIN
2639,"Helen Head",Helen,,Head,,,1,D,1,Rep,HD-CHI7-3
2641,"Robert Helm",Robert,,Helm,,Bob,2,R,1,Rep,HD-RUT3
2642,"Mark Higley",Mark,A.,Higley,,,2,R,1,Rep,HD-ORL
2643,"Mary Hooper",Mary,S.,Hooper,,,1,D,1,Rep,HD-WAS4
2647,"Ronald Hubert",Ronald,E.,Hubert,,,2,R,1,Rep,HD-CHI10
2648,"Timothy Jerman",Timothy,,Jerman,,Tim,1,D,1,Rep,HD-CHI8-2
2649,"Willem Jewett",Willem,,Jewett,,,1,D,1,Rep,HD-ADD2
2650,"Mitzi Johnson",Mitzi,,Johnson,,,1,D,1,Rep,HD-GRA1-1
2652,"Kathleen Keenan",Kathleen,C.,Keenan,,,1,D,1,Rep,HD-FRA3-1
2654,"Warren Kitzmiller",Warren,F.,Kitzmiller,,,1,D,1,Rep,HD-WAS4
2655,"Anthony Klein",Anthony,W.,Klein,,Tony,1,D,1,Rep,HD-WAS5
2657,"Patricia Komline",Patricia,,Komline,,Patti,2,R,1,Rep,HD-BEN1
2659,"Robert Krebs",Robert,C.,Krebs,,Bob,1,D,1,Rep,HD-GRA1-1
2660,"Diane Lanpher",Diane,,Lanpher,,,1,D,1,Rep,HD-ADD3
2663,"Richard Lawrence",Richard,,Lawrence,,,2,R,1,Rep,HD-CAL4
2664,"Joan Lenes",Joan,G.,Lenes,,,1,D,1,Rep,HD-CHI5-2
2667,"William Lippert",William,J.,Lippert,,Bill,1,D,1,Rep,HD-CHI4-2
2669,"Terence Macaig",Terence,,Macaig,,Terry,1,D,1,Rep,HD-CHI2
2672,"Ann Manwaring",Ann,P.,Manwaring,,,1,D,1,Rep,HD-WIN6
2673,"Michael Marcotte",Michael,J.,Marcotte,,,2,R,1,Rep,HD-ORL2
2676,"Linda Martin",Linda,J.,Martin,,,1,D,1,Rep,HD-LAM2
2677,"James Masland",James,,Masland,,Jim,1,D,1,Rep,HD-WIN2
2678,"McAllister, Norm",Norman,H.,McAllister,,Norm,2,R,2,Sen,SD-FRA
2679,"James McCullough",James,M.,McCullough,,Jim,1,D,1,Rep,HD-CHI2
2681,"Francis McFaun",Francis,,McFaun,,Topper,2,R,1,Rep,HD-WAS2
2684,"Alice Miller",Alice,,Miller,,,1,D,1,Rep,HD-BEN3
2690,"Mary Morrissey",Mary,A.,Morrissey,,,2,R,1,Rep,HD-BEN2-2
2691,"Michael Mrowicki",Michael,,Mrowicki,,Mike,1,D,1,Rep,HD-WIN4
2692,"Linda Myers",Linda,K.,Myers,,,2,R,1,Rep,HD-CHI8-1
2694,"Betty Nuovo",Betty,A.,Nuovo,,,1,D,1,Rep,HD-ADD1
2695,"Anne O'Brien",Anne,Theresa,O'Brien,,,1,D,1,Rep,HD-CHI1
2698,"Oliver Olsen",Oliver,K.,Olsen,,,1,D,1,Rep,HD-WIN
2700,"Carolyn Partridge",Carolyn,W.,Partridge,,,1,D,1,Rep,HD-WIN3
2701,"Albert Pearce",Albert,,Pearce,,Chuck,2,R,1,Rep,HD-FRA5
2706,"Paul Poirier",Paul,N.,Poirier,,,3,I,1,Rep,HD-WAS3
2707,"David Potter",David,,Potter,,Dave,1,D,1,Rep,HD-RUT2
2708,"Ann Pugh",Ann,,Pugh,,,1,D,1,Rep,HD-CHI7-2
2709,"Kesha Ram",Kesha,K.,Ram,,,1,D,1,Rep,HD-CHI6-4
2711,"John Rodgers",John,S.,Rodgers,,,1,D,2,Sen,SD-ESS
2712,"Brian Savage",Brian,K.,Savage,,,2,R,1,Rep,HD-FRA4
2713,"Heidi Scheuermann",Heidi,E.,Scheuermann,,,2,R,1,Rep,HD-LAM1
2715,"David Sharpe",David,D.,Sharpe,,Dave,1,D,1,Rep,HD-ADD4
2716,"Charles Shaw",Charles,,Shaw,,Butch,2,R,1,Rep,HD-RUT6
2718,"Shapleigh Smith",Shapleigh,,Smith,,Shap,1,D,1,Rep,HD-LAM
2721,"Thomas Stevens",Thomas,,Stevens,,Tom,1,D,1,Rep,HD-WAS
2723,"Donna Sweaney",Donna,,Sweaney,,,1,D,1,Rep,HD-WIN1
2725,"George Till",George,W.,Till,,,1,D,1,Rep,HD-CHI3
2726,"Catherine Toll",Catherine,,Toll,,Kitty,1,D,1,Rep,HD-CAL
2728,"Donald Turner",Donald,,Turner,Jr.,Don,2,R,1,Rep,HD-CHI10
2730,"Kathryn Webb",Kathryn,,Webb,,Kate,1,D,1,Rep,HD-CHI5-1
2736,"Kurt Wright",Kurt,,Wright,,,2,R,1,Rep,HD-CHI6-1
2739,"David Zuckerman",David,,Zuckerman,,,1,D,2,Sen,SD-CHI
2740,"Tim Ashe",Tim,,Ashe,,,1,D,2,Sen,SD-CHI
2741,"Claire Ayer",Claire,,Ayer,,,1,D,2,Sen,SD-ADD
2744,"John Campbell",John,F.,Campbell,,,1,D,2,Sen,SD-WIN
2747,"Ann Cummings",Ann,,Cummings,,,1,D,2,Sen,SD-WAS
2748,"William Doyle",William,T.,Doyle,,Bill,2,R,2,Sen,SD-WAS
2750,"Margaret Flory",Margaret,,Flory,,Peg,2,R,2,Sen,SD-RUT
2754,"Jane Kitchel",Jane,,Kitchel,,,1,D,2,Sen,SD-CAL
2756,"Virginia Lyons",Virginia,,Lyons,,Ginny,1,D,2,Sen,SD-CHI
2757,"Mark MacDonald",Mark,A.,MacDonald,,,1,D,2,Sen,SD-ORA
2758,"Richard Mazza",Richard,,Mazza,,Dick,1,D,2,Sen,SD-GRA
2759,"Richard McCormack",Richard,J.,McCormack,,Dick,1,D,2,Sen,SD-WIN
2761,"Kevin Mullin",Kevin,J.,Mullin,,,2,R,2,Sen,SD-RUT
2762,"Alice Nitka",Alice,W.,Nitka,,,1,D,2,Sen,SD-WIN
2765,"Dick Sears",Dick,,Sears,,,1,D,2,Sen,SD-BEN
2767,"Diane Snelling",Diane,B.,Snelling,,,2,R,2,Sen,SD-CHI
2768,"Robert Starr",Robert,A.,Starr,,,1,D,2,Sen,SD-ESS
2769,"Jeanette White",Jeanette,K.,White,,,1,D,2,Sen,SD-WIN
11238,"John Bartholomew",John,L.,Bartholomew,,,1,D,1,Rep,HD-WIN1
11239,"Lynn Batchelor",Lynn,D.,Batchelor,,,2,R,1,Rep,HD-ORL1
11241,"Thomas Burditt",Thomas,,Burditt,,Tom,2,R,1,Rep,HD-RUT2
11242,"Sarah Buxton",Sarah,E.,Buxton,,,1,D,1,Rep,HD-WIN1
11243,"Brian Campion",Brian,,Campion,,,1,D,2,Sen,SD-BEN
11244,"Kevin Christie",Kevin,,Christie,,Coach,1,D,1,Rep,HD-WIN4-2
11245,"Leigh Dakin",Leigh,J.,Dakin,,,1,D,1,Rep,HD-WIN3-1
11246,"Dustin Degree",Dustin,Allard,Degree,,,2,R,2,Sen,SD-FRA
11249,"Michael Hebert",Michael,,Hebert,,Mike,2,R,1,Rep,HD-WIN1
11251,"Patti Lewis",Patti,J.,Lewis,,,2,R,1,Rep,HD-WAS1
11253,"Christopher Pearson",Christopher,A.,Pearson,,,0,,1,Rep,HD-CHI6-4
11255,"Harvey Smith",Harvey,T.,Smith,,,2,R,1,Rep,HD-ADD5
11256,"Vicki Strong",Vicki,,Strong,,,2,R,1,Rep,HD-ORL
11257,"Valerie Stuart",Valerie,A.,Stuart,,,1,D,1,Rep,HD-WIN2-1
11258,"Michael Yantachka",Michael,,Yantachka,,Mike,1,D,1,Rep,HD-CHI4-1
11259,"Samuel Young",Samuel,,Young,,Same,1,D,1,Rep,HD-ORL
11260,"Philip Baruth",Philip,,Baruth,,,1,D,2,Sen,SD-CHI
11261,"Joe Benning",Joe,,Benning,,,2,R,2,Sen,SD-CAL
11264,"Anthony Pollina",Anthony,,Pollina,,,1,D,2,Sen,SD-WAS
11265,"Richard Westman",Richard,A.,Westman,,,2,R,2,Sen,SD-LAM
12121,"Matthew Trieber",Matthew,A.,Trieber,,,1,D,1,Rep,HD-WIN3
12122,"Mark Woodward",Mark,,Woodward,,,1,D,1,Rep,HD-LAM2
12195,"Rebecca Ellis",Rebecca,,Ellis,,,1,D,1,Rep,HD-WAS
13719,"Jean O'Sullivan",Jean,,O'Sullivan,,,1,D,1,Rep,HD-CHI6-2
13750,"Teo Zagar",Teo,,Zagar,,,1,D,1,Rep,HD-WIN4-1
13903,"Jill Krowinski",Jill,,Krowinski,,,1,D,1,Rep,HD-CHI6-3
13974,"Corrections and Institutions",,,,,,0,,1,Rep,
13975,"Ways and Means",,,,,,0,,1,Rep,
13976,"Government Operations",,,,,,0,,1,Rep,
13977,"Commerce and Economic Development",,,,,,0,,1,Rep,
13978,Agriculture,,,,,,0,,2,Sen,
13979,Institutions,,,,,,0,,2,Sen,
13980,Education,,,,,,0,,1,Rep,
13981,"Health Care",,,,,,0,,1,Rep,
13982,Appropriations,,,,,,0,,1,Rep,
13983,"General, Housing and Military Affairs",,,,,,0,,1,Rep,
13984,"Economic Development, Housing and General Affairs",,,,,,0,,2,Sen,
13985,"Natural Resources and Energy",,,,,,0,,2,Sen,
13986,Judiciary,,,,,,0,,1,Rep,
13988,Transportation,,,,,,0,,2,Sen,
13991,"Human Services",,,,,,0,,1,Rep,
13992,Judiciary,,,,,,0,,2,Sen,
13993,"Health and Welfare",,,,,,0,,2,Sen,
13994,Transportation,,,,,,0,,1,Rep,
13996,"Natural Resources and Energy",,,,,,0,,1,Rep,
15965,Finance,,,,,,0,,2,Sen,
15966,"Agriculture and Forest Products",,,,,,0,,1,Rep,
15988,"Steve Beyor",Steve,,Beyor,,,2,R,1,Rep,HD-FRA5
15989,"Stephen Carr",Stephen,A.,Carr,,Steve,1,D,1,Rep,HD-RUT6
15990,"Joanna Cole",Joanna,E.,Cole,,,1,D,1,Rep,HD-CHI6-1
15991,"Daniel Connor",Daniel,F.,Connor,,Dan,1,D,1,Rep,HD-FRA6
15993,"Lawrence Cupoli",Lawrence,,Cupoli,,Cooper,2,R,1,Rep,HD-RUT5-2
15995,"Martha Feltus",Martha,A.,Feltus,,Marty,2,R,1,Rep,HD-CAL4
15996,"Douglas Gage",Douglas,A.,Gage,,Doug,2,R,1,Rep,HD-RUT5-4
15999,"Mark Huntley",Mark,,Huntley,,,1,D,1,Rep,HD-WIN2
16000,"Bernard Juskiewicz",Bernard,C.,Juskiewicz,,Bernie,2,R,1,Rep,HD-LAM3
16002,"Curtis McCormack",Curtis,,McCormack,,Curt,1,D,1,Rep,HD-CHI6-3
16004,"Constance Quimby",Constance,,Quimby,,Connie,2,R,1,Rep,HD-ESS
16005,"Barbara Rachelson",Barbara,,Rachelson,,,1,D,1,Rep,HD-CHI6-6
16006,"Herbert Russell",Herbert,,Russell,,Herb,1,D,1,Rep,HD-RUT5-3
16007,"Thomas Terenzini",Thomas,P.,Terenzini,,,2,R,1,Rep,HD-RUT4
16008,"Tristan Toleno",Tristan,,Toleno,,,1,D,1,Rep,HD-WIN2-3
16009,"Warren Van Wyck",Warren,,"Van Wyck",,,2,R,1,Rep,HD-ADD3
16018,"Loren Shaw",Loren,T.,Shaw,,,2,R,1,Rep,HD-ORL1
16019,"Maida Townsend",Maida,F.,Townsend,,,1,D,1,Rep,HD-CHI7-4
16108,"Marjorie Ryerson",Marjorie,,Ryerson,,,1,D,1,Rep,HD-ORA
16225,"Michael Sirotkin",Michael,,Sirotkin,,,0,,2,Sen,
16244,"Tommy Walz",Tommy,J.,Walz,,,1,D,1,Rep,HD-WAS3
16756,"Joey Purvis",Joey,A.,Purvis,,,2,R,1,Rep,HD-CHI9-1
16757,"Mary Sullivan",Mary,M.,Sullivan,,,1,D,1,Rep,HD-CHI6-5
16758,"Maureen Dakin",Maureen,P.,Dakin,,,1,D,1,Rep,HD-CHI9-2
16759,"Robert Laclair",Robert,,Laclair,,Rob,2,R,1,Rep,HD-WAS2
16760,"Timothy Briglin",Timothy,C.,Briglin,,,1,D,1,Rep,HD-WIN2
17109,"Alyson Eastman",Alyson,,Eastman,,,3,I,1,Rep,HD-ADD1
17110,"Amy Sheldon",Amy,,Sheldon,,,1,D,1,Rep,HD-ADD1
17111,"Avram Patt",Avram,,Patt,,,1,D,1,Rep,HD-LAM
17112,"Barbara Murphy",Barbara,S.,Murphy,,,5,L,1,Rep,HD-FRA2
17113,"Becca Balint",Becca,,Balint,,,1,D,2,Sen,SD-WIN
17114,"Brian Collamore",Brian,P.,Collamore,,,2,R,2,Sen,SD-RUT
17115,"Joseph Troiano",Joseph,,Troiano,,Chip,1,D,1,Rep,HD-CAL2
17116,"Corey Parent",Corey,,Parent,,,2,R,1,Rep,HD-FRA3-1
17117,"Diana Gonzalez",Diana,,Gonzalez,,,1,D,1,Rep,HD-CHI6-7
17118,"Emily Long",Emily,,Long,,,1,D,1,Rep,HD-WIN5
17119,"Fred Baser",Fred,K.,Baser,,,2,R,1,Rep,HD-ADD4
17120,"Gabrielle Lucke",Gabrielle,,Lucke,,,1,D,1,Rep,HD-WIN4-2
17121,"Gary Viens",Gary,,Viens,,,2,R,1,Rep,HD-ORL2
17122,"Janssen Willhoit",Janssen,,Willhoit,,,2,R,1,Rep,HD-CAL3
17123,"Job Tate",Job,,Tate,,,2,R,1,Rep,HD-RUT1
17124,"Ruqaiyah Morris",Ruqaiyah,Kiah,Morris,,,1,D,1,Rep,HD-BEN2-2
17125,"Larry Fiske",Larry,G.,Fiske,,,2,R,1,Rep,HD-FRA7
17126,"Laura Sibilia",Laura,,Sibilia,,,1,D,1,Rep,HD-WIN
17127,"Marcia Martel",Marcia,Robinson,Martel,,,2,R,1,Rep,HD-CAL1
17128,"Marianna Gamache",Marianna,,Gamache,,,2,R,1,Rep,HD-FRA4
17129,"Martin LaLonde",Martin,,LaLonde,,,1,D,1,Rep,HD-CHI7-1
17130,"Patricia McCoy",Patricia,A.,McCoy,,,2,R,1,Rep,HD-RUT1
17131,"Paul Dame",Paul,,Dame,,,2,R,1,Rep,HD-CHI8-2
17132,"Robert Forguites",Robert,,Forguites,,Bob,1,D,1,Rep,
17133,"Robin Chesnut-Tangerman",Robin,,Chesnut-Tangerman,,,1,D,1,Rep,HD-RUT
17134,"Rodney Graham",Rodney,,Graham,,,2,R,1,Rep,HD-ORA1
17135,"Scott Beck",Scott,,Beck,,,2,R,1,Rep,HD-CAL3
17136,"Steven Berry",Steven,,Berry,,Steve,1,D,1,Rep,HD-BEN4
17137,"Robert Bancroft",Robert,L.,Bancroft,,,2,R,1,Rep,HD-CHI8-3
17138,"Rachael Fields",Rachael,,Fields,,,1,D,1,Rep,HD-BEN2-1
17139,"Paul Lefebvre",Paul,D.,Lefebvre,,,2,R,1,Rep,HD-ESS
17600,Rules,,,,,,0,,2,Sen,
17787,"Theresa Wood",Theresa,,Wood,,,1,D,1,Rep,HD-WAS
17930,"Helen Riehle",Helen,,Riehle,,,2,R,2,Sen,SD-CHI
