sponsor_id,name,first_name,middle_name,last_name,suffix,nickname,party_id,party,role_id,role,district
8744,"John Martin",John,L.,Martin,,,1,D,1,Rep,HD-001
8748,"Justin Alfond",Justin,L.,Alfond,,,1,D,2,Sen,SD-027
8757,"William Diamond",William,,Diamond,,Bill,1,D,2,Sen,SD-026
8758,"Stanley Gerzofsky",Stanley,,Gerzofsky,,,1,D,2,Sen,SD-024
8762,"Barry Hobbins",Barry,J.,Hobbins,,,1,D,1,Rep,HD-014
8763,"Earle Mccormick",Earle,L.,Mccormick,,,2,R,2,Sen,SD-014
8773,"Roger Sherman",Roger,L.,Sherman,,,2,R,1,Rep,HD-144
8780,"Susan Austin",Susan,,Austin,,,2,R,1,Rep,HD-067
8784,"Henry Beck",Henry,"E. M.",Beck,,,1,D,1,Rep,HD-110
8786,"Bruce Bickford",Bruce,A.,Bickford,,,2,R,1,Rep,HD-063
8793,"Mark Bryant",Mark,E.,Bryant,,,1,D,1,Rep,HD-024
8794,"David C. Burns",David,C.,Burns,,,2,R,2,Sen,SD-006
8797,"James Campbell",James,J.,Campbell,Sr.,,2,R,1,Rep,HD-021
8814,"Andre Cushing",Andre,E.,Cushing,III,,2,R,2,Sen,SD-010
8815,"Paul Davis",Paul,T.,Davis,Sr.,,2,R,2,Sen,SD-004
8819,"Robert Duchesne",Robert,S.,Duchesne,,,1,D,1,Rep,HD-121
8822,"Peter Edgecomb",Peter,,Edgecomb,,,2,R,2,Sen,SD-001
8823,"Mark Eves",Mark,,Eves,,,1,D,1,Rep,HD-006
8832,"Paul Gilbert",Paul,E.,Gilbert,,,1,D,1,Rep,HD-074
8834,"Adam Goode",Adam,A.,Goode,,,1,D,1,Rep,HD-127
8836,"James Hamper",James,Michael,Hamper,,,2,R,2,Sen,SD-019
8840,"Anne Haskell",Anne,M.,Haskell,,,1,D,2,Sen,SD-028
8842,"Dawn Hill",Dawn,,Hill,,,1,D,2,Sen,SD-035
8844,"George Hogan",George,W.,Hogan,,,1,D,1,Rep,HD-013
8854,"Charles Kruger",Charles,B.,Kruger,,,1,D,1,Rep,HD-092
8855,"Michael Lajoie",Michael,,Lajoie,,,1,D,1,Rep,HD-058
8856,"Brian Langley",Brian,D.,Langley,,,2,R,2,Sen,SD-007
8864,"Jeffrey Mccabe",Jeffrey,M.,Mccabe,,,1,D,1,Rep,HD-107
8870,"W. Mitchell",W.,,Mitchell,,,1,D,1,Rep,
8871,"Terry Morrison",Terry,K.,Morrison,,,1,D,1,Rep,HD-031
8874,"Robert Nutting",Robert,W.,Nutting,,,2,R,1,Rep,HD-077
8880,"Matthew Peterson",Matthew,John,Peterson,,,1,D,1,Rep,HD-115
8893,"Kimberley Rosen",Kimberley,C.,Rosen,,,2,R,2,Sen,SD-008
8894,"Margaret Rotundo",Margaret,R.,Rotundo,,,1,D,1,Rep,HD-059
8895,"Diane Russell",Diane,M.,Russell,,,1,D,1,Rep,HD-039
8896,"Linda Sanborn",Linda,F.,Sanborn,,,1,D,1,Rep,HD-026
8898,"Thomas Saviello",Thomas,B.,Saviello,,,2,R,2,Sen,SD-017
8900,"Michael Shaw",Michael,A.,Shaw,,,1,D,1,Rep,HD-023
8906,"Peter Stuckey",Peter,C.,Stuckey,,,1,D,1,Rep,HD-042
8909,"Michael Thibodeau",Michael,D.,Thibodeau,,,2,R,2,Sen,SD-011
8915,"Linda Valentino",Linda,M.,Valentino,,,1,D,2,Sen,SD-031
8922,"Joan Welsh",Joan,W.,Welsh,,,1,D,1,Rep,HD-094
8924,"Michael Willette",Michael,J.,Willette,,,2,R,2,Sen,SD-002
8926,"Dale Crafts",Dale,J.,Crafts,,,2,R,1,Rep,HD-056
10318,"Roberta Beavers",Roberta,B.,Beavers,,,1,D,1,Rep,HD-002
10321,"Russell Black",Russell,J.,Black,,,2,R,1,Rep,HD-114
10325,"Ralph Chapman",Ralph,,Chapman,,,1,D,1,Rep,HD-133
10326,"Benjamin Chipman",Benjamin,M.,Chipman,,,3,I,1,Rep,HD-040
10331,"James Dill",James,F.,Dill,,,1,D,2,Sen,SD-005
10332,"Mark Dion",Mark,N.,Dion,,,1,D,1,Rep,HD-043
10334,"Larry Dunphy",Larry,Charles,Dunphy,,,2,R,1,Rep,HD-118
10335,"Eleanor Espling",Eleanor,M.,Espling,,,2,R,1,Rep,HD-065
10338,"Kenneth Fredette",Kenneth,Wade,Fredette,,,2,R,1,Rep,HD-100
10339,"James Gillway",James,S.,Gillway,,,2,R,1,Rep,HD-098
10341,"Stacey Guerin",Stacey,K.,Guerin,,,2,R,1,Rep,HD-102
10343,"Erin Herbig",Erin,D.,Herbig,,,1,D,1,Rep,HD-097
10347,"Walter Kumiega",Walter,A.,Kumiega,III,,1,D,1,Rep,HD-134
10349,"Ricky Long",Ricky,D.,Long,,,2,R,1,Rep,HD-145
10350,"Thomas Longstaff",Thomas,,Longstaff,,,1,D,1,Rep,HD-109
10351,"Louis Luchini",Louis,Joseph,Luchini,Jr.,,1,D,1,Rep,HD-132
10352,"Joyce Maker",Joyce,A.,Maker,,,2,R,1,Rep,HD-140
10353,"Richard Malaby",Richard,S.,Malaby,,,2,R,1,Rep,HD-136
10356,"Michael Mcclellan",Michael,D.,Mcclellan,,,2,R,1,Rep,HD-066
10363,"Beth O'Connor",Beth,A.,O'Connor,,,2,R,1,Rep,HD-005
10366,"Wayne Parry",Wayne,R.,Parry,,,2,R,1,Rep,HD-010
10367,"John Picchiotti",John,J.,Picchiotti,,,2,R,1,Rep,HD-108
10370,"Deborah Sanderson",Deborah,J.,Sanderson,,,2,R,1,Rep,HD-088
10371,"Heather Sirocki",Heather,,Sirocki,,,2,R,1,Rep,HD-028
10372,"Jeffrey Timberlake",Jeffrey,L.,Timberlake,,,2,R,1,Rep,HD-075
10373,"Amy Volk",Amy,F.,Volk,,,2,R,2,Sen,SD-030
10379,"Tom Winsor",Tom,J.,Winsor,,,2,R,1,Rep,HD-071
10381,"Stephen Wood",Stephen,J.,Wood,,,2,R,1,Rep,HD-057
11874,"Ronald Collins",Ronald,F.,Collins,,,2,R,2,Sen,SD-034
11885,"Garrett Mason",Garrett,Paul,Mason,,,2,R,2,Sen,SD-022
11886,"John Patrick",John,L.,Patrick,,,1,D,2,Sen,SD-018
11890,"Roger Katz",Roger,J.,Katz,,,2,R,2,Sen,SD-015
11976,"Rodney Whittemore",Rodney,L.,Whittemore,,,2,R,2,Sen,SD-003
12720,"Beth Turner",Beth,P.,Turner,,,2,R,1,Rep,HD-141
13221,"Denise Harlow",Denise,Patricia,Harlow,,,1,D,1,Rep,HD-036
13876,"Wallace Dexter",Wallace,,Dexter,,,0,,1,Rep,
13884,"Kimberly Monaghan-Derrig",Kimberly,J.,Monaghan-Derrig,,,1,D,1,Rep,HD-030
14714,"Matthea Larsen Daughtry",Matthea,Elisabeth,"Larsen Daughtry",,,1,D,1,Rep,HD-049
14716,"Richard Farnsworth",Richard,R.,Farnsworth,,,1,D,1,Rep,HD-037
14717,"Andrew Gattine",Andrew,M.,Gattine,,,1,D,1,Rep,HD-034
14718,"Sara Gideon",Sara,,Gideon,,,1,D,1,Rep,HD-048
14719,"Scott Hamann",Scott,M.,Hamann,,,1,D,1,Rep,HD-032
14720,"Craig Hickman",Craig,V.,Hickman,,,1,D,1,Rep,HD-081
14722,"Victoria Kornfield",Victoria,P.,Kornfield,,,1,D,1,Rep,HD-125
14725,"Carol McElwee",Carol,A.,McElwee,,,2,R,1,Rep,HD-149
14726,"Matthew Moonen",Matthew,W.,Moonen,,,1,D,1,Rep,HD-038
14729,"Matthew Pouliot",Matthew,G.,Pouliot,,,2,R,1,Rep,HD-086
14730,"Robert Saucier",Robert,J.,Saucier,,,1,D,1,Rep,HD-147
14731,"Stanley Short",Stanley,Byron,Short,Jr.,,1,D,1,Rep,HD-106
14732,"Stephen Stanley",Stephen,S.,Stanley,,,1,D,1,Rep,HD-143
14740,"David Dutremble",David,E.,Dutremble,,,1,D,2,Sen,SD-032
14742,"Geoffrey Gratwick",Geoffrey,M.,Gratwick,,,1,D,2,Sen,SD-009
14744,"Christopher Johnson",Christopher,K.,Johnson,,,1,D,2,Sen,SD-013
14747,"Rebecca Millett",Rebecca,J.,Millett,,,1,D,2,Sen,SD-029
15041,Bear,,,Bear,,,0,,1,Rep,
15044,"Nathan Libby",Nathan,,Libby,,,1,D,2,Sen,SD-021
15045,"Catherine Nadeau",Catherine,M.,Nadeau,,,1,D,1,Rep,HD-078
15046,"Christine Powers",Christine,B.,Powers,,,1,D,1,Rep,HD-101
15047,"John Schneck",John,C.,Schneck,,,1,D,1,Rep,HD-126
15270,"Justin Chenette",Justin,Mark,Chenette,,,1,D,1,Rep,HD-015
15272,"Lori Fowle",Lori,,Fowle,,,1,D,1,Rep,HD-080
15273,"Gay Grant",Gay,M.,Grant,,,1,D,1,Rep,HD-083
15275,"Lawrence Lockman",Lawrence,G.,Lockman,,,2,R,1,Rep,HD-137
15278,"Andrew McLean",Andrew,J.,McLean,,,1,D,1,Rep,HD-027
15391,"Brian Hubbell",Brian,L.,Hubbell,,,1,D,1,Rep,HD-135
15392,"Erik Jorgensen",Erik,Clark,Jorgensen,,,1,D,1,Rep,HD-041
15402,"Janice Cooper",Janice,E.,Cooper,,,1,D,1,Rep,HD-047
15403,"Jeffrey Evangelos",Jeffrey,P.,Evangelos,,,3,I,1,Rep,HD-091
15404,"Jonathan Kinney",Jonathan,L.,Kinney,,,2,R,1,Rep,HD-022
15406,"Roger Reed",Roger,E.,Reed,,,2,R,1,Rep,HD-103
15473,"William Noon",William,F.,Noon,,,1,D,1,Rep,HD-019
15702,"Deane Rykerson",Deane,,Rykerson,,,1,D,1,Rep,HD-001
15703,"Arthur Verow",Arthur,C.,Verow,,,1,D,1,Rep,HD-128
15729,"Anne-Marie Mastraccio",Anne-Marie,,Mastraccio,,,1,D,1,Rep,HD-018
15744,"Jennifer DeChant",Jennifer,,DeChant,,,1,D,1,Rep,HD-052
15747,"Donald Marean",Donald,G.,Marean,,,2,R,1,Rep,HD-016
15748,"Ryan Tipping-Spitz",Ryan,D.,Tipping-Spitz,,,1,D,1,Rep,HD-123
15773,"Aaron Frey",Aaron,M.,Frey,,,1,D,1,Rep,HD-124
15775,"Richard Campbell",Richard,H.,Campbell,,,2,R,1,Rep,HD-130
15889,"Michael Devin",Michael,Gilbert,Devin,,,1,D,1,Rep,HD-090
16614,"Eric Brakey",Eric,L.,Brakey,,,2,R,2,Sen,SD-020
16615,"David Sawicki",David,P.,Sawicki,,,2,R,1,Rep,HD-064
16631,"Robert Alley",Robert,W.,Alley,Sr.,,1,D,1,Rep,HD-138
16632,"Kevin Battle",Kevin,J.,Battle,,,2,R,1,Rep,HD-033
16633,"Paul Chace",Paul,,Chace,,,2,R,1,Rep,HD-046
16634,"Donna Doore",Donna,R.,Doore,,,1,D,1,Rep,HD-085
16635,"Ryan Fecteau",Ryan,M.,Fecteau,,,1,D,1,Rep,HD-011
16636,"Jared Golden",Jared,F.,Golden,,,1,D,1,Rep,HD-060
16637,"Jeffrey Pierce",Jeffrey,K.,Pierce,,,2,R,1,Rep,HD-053
16638,"Linda Baker",Linda,L.,Baker,,,2,R,2,Sen,SD-023
16639,"David Miramant",David,R.,Miramant,,,1,D,2,Sen,SD-012
16688,"Christopher Babbidge",Christopher,W.,Babbidge,,,1,D,1,Rep,HD-008
16689,"Scott Cyrway",Scott,W.,Cyrway,,,2,R,2,Sen,SD-016
16690,"Anthony Edgecomb",Anthony,J.,Edgecomb,,,2,R,1,Rep,HD-148
16697,"Roland Martin",Roland,Daniel,Martin,,,1,D,1,Rep,HD-150
16779,"James Davitt",James,E.,Davitt,,,1,D,1,Rep,HD-101
16780,"Bradlee Farrin",Bradlee,Thomas,Farrin,,,2,R,1,Rep,HD-111
16781,"Robert Foley",Robert,A.,Foley,,,2,R,1,Rep,HD-007
16782,"Karen Gerrish",Karen,A.,Gerrish,,,2,R,1,Rep,HD-020
16783,"Brian Hobart",Brian,D.,Hobart,,,2,R,1,Rep,HD-055
16784,"Paul Stearns",Paul,A.,Stearns,,,2,R,1,Rep,HD-119
16785,"Timothy Theriault",Timothy,S.,Theriault,,,2,R,1,Rep,HD-079
16786,"William Tuell",William,R.,Tuell,,,2,R,1,Rep,HD-139
16787,"David Woodsome",David,,Woodsome,,,2,R,2,Sen,SD-033
16852,"Catherine Breen",Catherine,,Breen,,,1,D,2,Sen,SD-025
16853,"Sheldon Hanington",Sheldon,Mark,Hanington,,,2,R,1,Rep,HD-142
16877,"Maryanne Kinney",Maryanne,,Kinney,,,2,R,1,Rep,HD-099
17105,"Dillon Bates",Dillon,,Bates,,,1,D,1,Rep,HD-035
17106,"Michelle Dunphy",Michelle,Ann,Dunphy,,,1,D,1,Rep,HD-122
17107,"Denise Tepler",Denise,,Tepler,,,1,D,1,Rep,HD-054
17108,"Ralph Tucker",Ralph,L.,Tucker,,,1,D,1,Rep,HD-050
17214,"Randall Greenwood",Randall,Adam,Greenwood,,,2,R,1,Rep,HD-082
17215,"Jeffery Hanley",Jeffery,P.,Hanley,,,2,R,1,Rep,HD-087
17216,"Teresa Pierce",Teresa,S.,Pierce,,,1,D,1,Rep,HD-044
17217,"Thomas Skolfield",Thomas,H.,Skolfield,,,2,R,1,Rep,HD-112
17269,"Matthew Dana",Matthew,,Dana,II,,6,N,1,Rep,
17270,"Kathleen Dillingham",Kathleen,"Rose Jackson",Dillingham,,,2,R,1,Rep,HD-072
17271,"Gary Hilliard",Gary,L.,Hilliard,,,2,R,1,Rep,HD-076
17272,"Peter Lyford",Peter,A.,Lyford,,,2,R,1,Rep,HD-129
17273,"Gina Melaragno",Gina,M.,Melaragno,,,1,D,1,Rep,HD-062
17274,"Gary Sukeforth",Gary,,Sukeforth,,,3,I,1,Rep,HD-095
17275,"Charlotte Warren",Charlotte,May,Warren,,,1,D,1,Rep,HD-084
17330,"Heidi Brooks",Heidi,E.,Brooks,,,1,D,1,Rep,HD-061
17331,"Andrew Buckland",Andrew,Russell,Buckland,,,2,R,1,Rep,HD-113
17332,"Patrick Corey",Patrick,W.,Corey,,,2,R,1,Rep,HD-025
17333,"Phyllis Ginzler",Phyllis,A.,Ginzler,,,2,R,1,Rep,HD-069
17334,"Martin Grohman",Martin,J.,Grohman,,,1,D,1,Rep,HD-012
17335,"Frances Head",Frances,M.,Head,,,2,R,1,Rep,HD-117
17336,"Dwayne Prescott",Dwayne,W.,Prescott,,,2,R,1,Rep,HD-017
17337,"Joel Stetkis",Joel,R.,Stetkis,,,2,R,1,Rep,HD-105
17338,"Michael Timmons",Michael,J.,Timmons,,,2,R,1,Rep,HD-045
17339,"Karen Vachon",Karen,,Vachon,,,2,R,1,Rep,HD-029
17340,"Nathan Wadsworth",Nathan,J.,Wadsworth,,,2,R,1,Rep,HD-070
17341,"Dustin White",Dustin,Michael,White,,,2,R,1,Rep,HD-146
17441,"Norman Higgins",Norman,E.,Higgins,,,2,R,1,Rep,HD-120
17452,"Joyce McCreight",Joyce,,McCreight,,,1,D,1,Rep,HD-051
17506,"Karleton Ward",Karleton,S.,Ward,,,2,R,1,Rep,HD-131
17531,"Stephanie Hawke",Stephanie,,Hawke,,,2,R,1,Rep,HD-089
17532,"Stedman Seavey",Stedman,,Seavey,,,2,R,1,Rep,HD-009
17533,"Lydia Blume",Lydia,,Blume,,,1,D,1,Rep,HD-003
17564,"Patricia Hymanson",Patricia,,Hymanson,,,1,D,1,Rep,HD-004
17583,"Christine Burstein",Christine,S.,Burstein,,,1,D,1,Rep,HD-096
17584,"Lloyd Herrick",Lloyd,C.,Herrick,,,2,R,1,Rep,HD-073
17585,"Richard Pickett",Richard,A.,Pickett,,,2,R,1,Rep,HD-116
17667,"Pinny Beebe-Center",Pinny,,Beebe-Center,,,1,D,1,Rep,
17788,"Matthew Harrington","Matthew ",,Harrington,,,2,R,1,Rep,HD-019
17789,"Lester Ordway",Lester,,Ordway,,,2,R,1,Rep,HD-023
