sponsor_id,name,first_name,middle_name,last_name,suffix,nickname,party_id,party,role_id,role,district
662,"David Albo",David,B.,Albo,,,2,R,1,Rep,HD-042
663,"Kenneth Alexander",Kenneth,Cooper,Alexander,,,1,D,2,Sen,SD-005
667,"Mamye BaCote",Mamye,E.,BaCote,,,1,D,1,Rep,HD-095
669,"Robert Bell",Robert,Bernard,Bell,III,,2,R,1,Rep,HD-058
672,"Robert Brink",Robert,H.,Brink,,,1,D,1,Rep,HD-048
673,"David Bulova",David,L.,Bulova,,,1,D,1,Rep,HD-037
674,"Kathy Byron",Kathy,J.,Byron,,,2,R,1,Rep,HD-022
676,"Charles Carrico",Charles,W.,Carrico,Sr.,,2,R,2,Sen,SD-040
677,"Benjamin Cline",Benjamin,L.,Cline,,Ben,2,R,1,Rep,HD-024
678,"Mark Cole",Mark,L.,Cole,,,2,R,1,Rep,HD-088
679,"John Cosgrove",John,A.,Cosgrove,Jr.,,2,R,2,Sen,SD-014
680,"Kirkland Cox","M. Kirkland",,Cox,,Kirk,2,R,1,Rep,HD-066
682,"Rosalyn Dance",Rosalyn,R.,Dance,,,1,D,2,Sen,SD-016
683,"Adam Ebbin",Adam,P.,Ebbin,,,1,D,2,Sen,SD-030
689,"Todd Gilbert","C. Todd",,Gilbert,,,2,R,1,Rep,HD-015
695,"Algie Howell",Algie,T.,Howell,Jr.,,1,D,1,Rep,HD-090
696,"William Howell",William,J.,Howell,,,2,R,1,Rep,HD-028
697,"Timothy Hugo",Timothy,D.,Hugo,,,2,R,1,Rep,HD-040
700,"Riley Ingram",Riley,Edward,Ingram,,,2,R,1,Rep,HD-062
702,"Johnny Joannou",Johnny,S.,Joannou,,,1,D,1,Rep,HD-079
705,"Chris Jones","S. Chris",,Jones,,,2,R,1,Rep,HD-076
706,"Terry Kilgore",Terry,G.,Kilgore,,,2,R,1,Rep,HD-001
707,"Steven Landes","R. Steven",,Landes,,,2,R,1,Rep,HD-025
708,"Lynwood Lewis",Lynwood,W.,Lewis,Jr.,,1,D,1,Rep,HD-100
709,"Scott Lingamfelter","L. Scott",,Lingamfelter,,,2,R,1,Rep,HD-031
711,"George Loupassi",George,M.,Loupassi,,Manoli,2,R,1,Rep,HD-068
712,"Dave Marsden",Dave,W.,Marsden,,,1,D,2,Sen,SD-037
713,"Daniel Marshall",Daniel,W.,Marshall,III,Danny,2,R,1,Rep,HD-014
714,"Robert Marshall",Robert,G.,Marshall,,Bob,2,R,1,Rep,HD-013
715,"James Massie",James,P.,Massie,III,Jimmie,2,R,1,Rep,HD-072
718,"Jennifer McClellan",Jennifer,L.,McClellan,,,1,D,1,Rep,HD-071
721,"Jackson Miller",Jackson,Hunter,Miller,,,2,R,1,Rep,HD-050
725,"Joseph Morrissey",Joseph,D.,Morrissey,,Joe,1,D,1,Rep,HD-074
729,"John O'Bannon",John,M.,O'Bannon,III,,2,R,1,Rep,HD-073
731,"Robert Orrock",Robert,D.,Orrock,Sr.,Bobby,2,R,1,Rep,HD-054
732,"Christopher Peace",Christopher,K.,Peace,,,2,R,1,Rep,HD-097
734,"Kenneth Plum",Kenneth,R.,Plum,,,1,D,1,Rep,HD-036
735,"Brenda Pogge",Brenda,L.,Pogge,,,2,R,1,Rep,HD-096
736,"Charles Poindexter",Charles,D.,Poindexter,,,2,R,1,Rep,HD-009
741,"Thomas Rust",Thomas,Davis,Rust,,,2,R,1,Rep,HD-086
743,"Edward Scott",Edward,T.,Scott,,,2,R,1,Rep,HD-030
748,"Mark Sickles",Mark,D.,Sickles,,,1,D,1,Rep,HD-043
749,"Lionell Spruill",Lionell,,Spruill,Sr.,,1,D,1,Rep,HD-077
752,"David Toscano",David,Joseph,Toscano,,,1,D,1,Rep,HD-057
753,"Roslyn Tyler",Roslyn,C.,Tyler,,,1,D,1,Rep,HD-075
756,"Jeion Ward",Jeion,A.,Ward,,,1,D,1,Rep,HD-092
758,"Lee Ware",Lee,,Ware,Jr.,,2,R,1,Rep,HD-065
759,"Vivian Watts",Vivian,E.,Watts,,,1,D,1,Rep,HD-039
760,"Thomas Wright",Thomas,,Wright,Jr.,Tommy,2,R,1,Rep,HD-061
761,"George Barker",George,Lincoln,Barker,,,1,D,2,Sen,SD-039
763,"Charles Colgan",Charles,J.,Colgan,Sr.,,1,D,2,Sen,SD-029
765,"Creigh Deeds","R. Creigh",,Deeds,,,1,D,2,Sen,SD-025
766,"John Edwards",John,S.,Edwards,,,1,D,2,Sen,SD-021
767,"Emmett Hanger",Emmett,W.,Hanger,Jr.,,2,R,2,Sen,SD-024
770,"Janet Howell",Janet,D.,Howell,,,1,D,2,Sen,SD-032
772,"Mamie Locke",Mamie,E.,Locke,,,1,D,2,Sen,SD-002
773,"Louise Lucas","L. Louise",,Lucas,,,1,D,2,Sen,SD-018
774,"Henry Marsh",Henry,L.,Marsh,III,,1,D,2,Sen,SD-016
775,"Stephen Martin",Stephen,H.,Martin,,,2,R,2,Sen,SD-011
776,"Ryan McDougle",Ryan,T.,McDougle,,,2,R,2,Sen,SD-004
777,"Donald McEachin","A. Donald",,McEachin,,,1,D,2,Sen,SD-009
778,"John Miller",John,C.,Miller,,,1,D,2,Sen,SD-001
780,"Stephen Newman",Stephen,D.,Newman,,Steve,2,R,2,Sen,SD-023
781,"Thomas Norment",Thomas,K.,Norment,Jr.,,2,R,2,Sen,SD-003
782,"Ralph Northam",Ralph,S.,Northam,,,1,D,2,Sen,SD-006
783,"Mark Obenshain",Mark,D.,Obenshain,,,2,R,2,Sen,SD-026
784,"John Petersen",John,Chapman,Petersen,,Chap,1,D,2,Sen,SD-034
785,"Phillip Puckett",Phillip,P.,Puckett,,,1,D,2,Sen,SD-038
786,"Linda Puller",Linda,Todd,Puller,,Toddy,1,D,2,Sen,SD-036
789,"Frank Ruff",Frank,M.,Ruff,Jr.,,2,R,2,Sen,SD-015
790,"Richard Saslaw",Richard,L.,Saslaw,,Dick,1,D,2,Sen,SD-035
791,"Ralph Smith",Ralph,K.,Smith,,,2,R,2,Sen,SD-019
793,"Walter Stosch",Walter,A.,Stosch,,,2,R,2,Sen,SD-012
794,"Richard Stuart",Richard,H.,Stuart,,,2,R,2,Sen,SD-028
796,"Jill Vogel",Jill,Holtzman,Vogel,,,2,R,2,Sen,SD-027
797,"Frank Wagner",Frank,W.,Wagner,,,2,R,2,Sen,SD-007
799,"John Watkins",John,C.,Watkins,,,2,R,2,Sen,SD-010
888,"Jeffrey McWaters",Jeffrey,L.,McWaters,,Jeff,2,R,2,Sen,SD-008
889,"Richard Bell",Richard,P.,Bell,,Dickie,2,R,1,Rep,HD-020
890,"Kaye Kory","L. Kaye",,Kory,,,1,D,1,Rep,HD-038
891,"Richard Anderson",Richard,L.,Anderson,,,2,R,1,Rep,HD-051
892,"Luke Torian",Luke,E.,Torian,,,1,D,1,Rep,HD-052
894,"Charniele Herring",Charniele,L.,Herring,,,1,D,1,Rep,HD-046
895,"Christopher Stolle",Christopher,P.,Stolle,,Chris,2,R,1,Rep,HD-083
1464,"James Edmunds",James,E.,Edmunds,II,,2,R,1,Rep,HD-060
1465,"Delores McQuinn",Delores,L.,McQuinn,,,1,D,1,Rep,HD-070
1467,"Scott Garrett","T. Scott",,Garrett,,,2,R,1,Rep,HD-023
1468,"Thomas Greason",Thomas,A.,Greason,,Tag,2,R,1,Rep,HD-032
1469,"Barry Knight",Barry,D.,Knight,,,2,R,1,Rep,HD-081
1470,"James LeMunyon",James,M.,LeMunyon,,Jim,2,R,1,Rep,HD-067
1471,"Mark Keam",Mark,L.,Keam,,,1,D,1,Rep,HD-035
1472,"Patrick Hope",Patrick,A.,Hope,,,1,D,1,Rep,HD-047
1473,"Barbara Comstock",Barbara,J.,Comstock,,,2,R,1,Rep,HD-034
1475,"Ron Villanueva",Ron,A.,Villanueva,,,2,R,1,Rep,HD-021
1476,"Matthew James",Matthew,,James,,,1,D,1,Rep,HD-080
1477,"Scott Surovell",Scott,A.,Surovell,,,1,D,2,Sen,SD-036
1478,"Betsy Carr",Betsy,B.,Carr,,,1,D,1,Rep,HD-069
1479,"James Morefield",James,W.,Morefield,,Will,2,R,1,Rep,HD-003
2379,"Eileen Filler-Corn",Eileen,,Filler-Corn,,,1,D,1,Rep,HD-041
11024,"Gregory Habeeb",Gregory,D.,Habeeb,,,2,R,1,Rep,HD-008
11025,"Roxann Robinson",Roxann,L.,Robinson,,,2,R,1,Rep,HD-027
11026,"Tony Wilt",Tony,O.,Wilt,,,2,R,1,Rep,HD-026
11333,"William Stanley",William,M.,Stanley,Jr.,,2,R,2,Sen,SD-019
13009,"Gordon Helsel",Gordon,C.,Helsel,Jr.,,2,R,1,Rep,HD-091
13728,"Matt Fariss","C. Matt",,Fariss,,,2,R,1,Rep,HD-059
13729,"Peter Farrell",Peter,F.,Farrell,,,2,R,1,Rep,HD-056
13730,"Chris Head",Chris,T.,Head,,,2,R,1,Rep,HD-017
13731,"Keith Hodges","M. Keith",,Hodges,,,2,R,1,Rep,HD-098
13732,"Alfonso Lopez",Alfonso,H.,Lopez,,,1,D,1,Rep,HD-049
13733,"Randall Minchew","J. Randall",,Minchew,,Randy,2,R,1,Rep,HD-010
13734,"Rick Morris",Rick,L.,Morris,,,2,R,1,Rep,HD-064
13735,"David Ramadan",David,I.,Ramadan,,,2,R,1,Rep,HD-087
13736,"Margaret Ransone",Margaret,Bevans,Ransone,,,2,R,1,Rep,HD-099
13737,"Larry Rush",Larry,N.,Rush,,Nick,2,R,1,Rep,HD-007
13739,"Michael Webert",Michael,J.,Webert,,,2,R,1,Rep,HD-018
13740,"David Yancey",David,E.,Yancey,,,2,R,1,Rep,HD-094
13741,"Joseph Yost",Joseph,R.,Yost,,,2,R,1,Rep,HD-012
13742,"Barbara Favola",Barbara,A.,Favola,,,1,D,2,Sen,SD-031
13743,"Bryce Reeves",Bryce,E.,Reeves,,,2,R,2,Sen,SD-017
13744,"Richard Black",Richard,H.,Black,,Dick,2,R,2,Sen,SD-013
13746,"Israel O'Quinn",Israel,D.,O'Quinn,,,2,R,1,Rep,HD-005
13783,"Thomas Garrett",Thomas,A.,Garrett,Jr.,Tom,2,R,2,Sen,SD-022
14064,"Rob Krupicka","K. Rob",,Krupicka,,,1,D,1,Rep,HD-045
14411,"Daun Hester",Daun,Sessoms,Hester,,,1,D,1,Rep,HD-089
16061,"Marcus Simon",Marcus,B.,Simon,,,1,D,1,Rep,HD-053
16066,"Bill DeSteph",Bill,R.,DeSteph,Jr.,,2,R,2,Sen,SD-008
16072,"Hyland Fowler",Hyland,F.,Fowler,Jr.,Buddy,2,R,1,Rep,HD-055
16073,"Michael Futrell",Michael,T.,Futrell,,,1,D,1,Rep,HD-002
16074,"Scott Taylor",Scott,W.,Taylor,,,2,R,1,Rep,HD-085
16075,"Terry Austin",Terry,Lee,Austin,,,2,R,1,Rep,HD-019
16077,"Les Adams",Les,R.,Adams,,,2,R,1,Rep,HD-016
16078,"Mark Berg",Mark,J.,Berg,,,2,R,1,Rep,HD-029
16079,"Benton Chafin",Benton,,Chafin,Jr.,Ben,2,R,2,Sen,SD-038
16080,"Glenn Davis",Glenn,R.,Davis,Jr.,,2,R,1,Rep,HD-084
16084,"Jeffrey Campbell",Jeffrey,L.,Campbell,,,2,R,1,Rep,HD-006
16090,"Dave LaRock",Dave,A.,LaRock,,,2,R,1,Rep,HD-033
16091,"Mason Montgomery",Mason,Taylor,Montgomery,,Monty,1,D,1,Rep,HD-093
16092,"James Leftwich",James,A.,Leftwich,Jr.,Jay,2,R,1,Rep,HD-078
16093,"Sam Rasoul",Sam,,Rasoul,,,1,D,1,Rep,HD-011
16176,"Jennifer Wexton",Jennifer,T.,Wexton,,,1,D,2,Sen,SD-033
16226,"Robert Bloxom",Robert,S.,Bloxom,Jr.,Rob,2,R,1,Rep,HD-100
16261,"Richard Sullivan",Richard,C.,Sullivan,Jr.,Rip,1,D,1,Rep,HD-048
16262,"Joesph Lindsey",Joesph,C.,Lindsey,,Joe,1,D,1,Rep,HD-090
16764,"Kathleen Murphy",Kathleen,J.,Murphy,,,0,,1,Rep,
16765,"Todd Pillion",Todd,E.,Pillion,,,2,R,1,Rep,HD-004
16788,"Joseph Preston",Joseph,E.,Preston,,,1,D,1,Rep,HD-063
