sponsor_id,name,first_name,middle_name,last_name,suffix,nickname,party_id,party,role_id,role,district
6492,"William McCoy",William,J.,McCoy,,Billy,1,D,1,Rep,HD-003
6493,"Percy Watson",Percy,W.,Watson,,,1,D,1,Rep,HD-103
6494,"Preston Sullivan",Preston,E,Sullivan,,,1,D,1,Rep,HD-022
6498,"Charles Beckett",Charles,,Beckett,,,2,R,1,Rep,HD-023
6499,"Donnie Bell",Donnie,,Bell,,,1,D,1,Rep,HD-021
6500,"Lester Carpenter",Lester,,Carpenter,,Bubba,2,R,1,Rep,HD-001
6503,"Karl Gibbs",Karl,,Gibbs,,,0,,1,Rep,HD-036
6504,"Stephen Holland","D. Stephen",,Holland,,Steve,1,D,1,Rep,HD-016
6505,"Mac Huddleston",Mac,,Huddleston,,,2,R,1,Rep,HD-015
6508,"Margaret Rogers",Margaret,Ellis,Rogers,,,2,R,1,Rep,HD-014
6509,"Jerry Turner",Jerry,R.,Turner,,,2,R,1,Rep,HD-018
6511,"Gary Chism",Gary,A.,Chism,,,2,R,1,Rep,HD-037
6512,"Willie Perkins",Willie,James,Perkins,Sr.,,1,D,1,Rep,HD-032
6513,"Henry Zuber",Henry,B.,Zuber,III,Hank,2,R,1,Rep,HD-113
6514,"Jeffrey Guice",Jeffrey,S.,Guice,,Jeff,2,R,1,Rep,HD-114
6517,"Cecil Brown",Cecil,C.,Brown,,,1,D,1,Rep,HD-066
6520,"Stephen Horne",Stephen,A.,Horne,,Steve,2,R,1,Rep,HD-081
6522,"Randall Patterson",Randall,H.,Patterson,,,1,D,1,Rep,HD-115
6524,"Omeria Scott",Omeria,,Scott,,,1,D,1,Rep,HD-080
6525,"Bryant Clark",Bryant,Wandrick,Clark,,,1,D,1,Rep,HD-047
6526,"Richard Bennett",Richard,,Bennett,,,2,R,1,Rep,HD-120
6527,"Larry Byrd",Larry,,Byrd,,,2,R,1,Rep,HD-104
6529,"Mark Formby",Mark,S.,Formby,,,2,R,1,Rep,HD-108
6530,"Sam Mims",Sam,C.,Mims,V,,2,R,1,Rep,HD-097
6531,"Alex Monsour",Alex,,Monsour,,,2,R,1,Rep,HD-054
6532,"John Moore",John,L,Moore,,,2,R,1,Rep,HD-060
6535,"Bill Pigott",Bill,,Pigott,,,2,R,1,Rep,HD-099
6536,"Gary Staples",Gary,V,Staples,,,2,R,1,Rep,HD-088
6537,"Ken Morgan",Ken,,Morgan,,,2,R,1,Rep,HD-100
6540,"Alyce Clarke",Alyce,Griffin,Clarke,,,1,D,1,Rep,HD-069
6542,"Mark Baker",Mark,,Baker,,,2,R,1,Rep,HD-074
6543,"William Denny",William,C.,Denny,Jr.,Bill,2,R,1,Rep,HD-064
6547,"David Myers",David,W,Myers,,,1,D,1,Rep,HD-098
6549,"Bob Evans",Bob,,Evans,,,1,D,1,Rep,HD-091
6554,"Becky Currie",Becky,,Currie,,,2,R,1,Rep,HD-092
6556,"Linda Coleman",Linda,F.,Coleman,,,1,D,1,Rep,HD-029
6558,"Clara Burnett",Clara,Henderson,Burnett,,,1,D,1,Rep,HD-009
6560,"Tom Weathersby",Tom,,Weathersby,,,2,R,1,Rep,HD-062
6562,"Philip Gunn",Philip,,Gunn,,,2,R,1,Rep,HD-056
6566,"Andy Gipson",Andy,,Gipson,,,2,R,1,Rep,HD-077
6568,"Kimberly Campbell",Kimberly,L.,Campbell,,,1,D,1,Rep,HD-072
6571,"Robert Johnson",Robert,L,Johnson,III,,1,D,1,Rep,HD-094
6573,"Greg Snowden",Greg,,Snowden,,,2,R,1,Rep,HD-083
6575,"Thomas Reynolds",Thomas,U,Reynolds,,Tommy,1,D,1,Rep,HD-033
6577,"Earle Banks",Earle,S,Banks,,,1,D,1,Rep,HD-067
6579,"Credell Calhoun",Credell,,Calhoun,,,1,D,1,Rep,HD-068
6580,"Scott DeLano",Scott,,DeLano,,,2,R,1,Rep,HD-117
6581,"Blaine Eaton",Blaine,,Eaton,,Bo,1,D,1,Rep,HD-079
6583,"Herb Frierson",Herb,,Frierson,,,2,R,1,Rep,HD-106
6584,"John Hines",John,W,Hines,Sr.,,1,D,1,Rep,HD-050
6585,"Gregory Holloway",Gregory,,Holloway,Sr.,,1,D,1,Rep,HD-076
6592,"America Middleton",America,,Middleton,,Chuck,1,D,1,Rep,HD-085
6593,"John Read",John,O.,Read,,,2,R,1,Rep,HD-112
6594,"Ray Rogers",Ray,,Rogers,,,2,R,1,Rep,HD-061
6595,"Bobby Shows",Bobby,,Shows,,,2,R,1,Rep,HD-089
6596,"Rufus Straughter",Rufus,E.,Straughter,,Pete,1,D,1,Rep,HD-051
6597,"Sara Thomas",Sara,Richardson,Thomas,,,1,D,1,Rep,HD-031
6599,"Edward Blackmon",Edward,,Blackmon,Jr.,,1,D,1,Rep,HD-057
6602,"Angela Cockerham",Angela,,Cockerham,,,1,D,1,Rep,HD-096
6604,"Willie Bailey",Willie,L.,Bailey,,,1,D,1,Rep,HD-049
6605,"Adrienne Wooten",Adrienne,,Wooten,,,1,D,1,Rep,HD-071
6607,"Robert Huddleston",Robert,E.,Huddleston,,,1,D,1,Rep,HD-030
6608,"Toby Barker",Toby,,Barker,,,2,R,1,Rep,HD-102
6610,"Tyrone Ellis",Tyrone,,Ellis,,,1,D,1,Rep,HD-038
6611,"Scott Bounds","C. Scott",,Bounds,,,2,R,1,Rep,HD-044
6612,"Jeffrey Smith",Jeffrey,C.,Smith,,,2,R,1,Rep,HD-039
6614,"Chris McDaniel",Chris,,McDaniel,,,2,R,2,Sen,SD-042
6615,"Joey Fillingane",Joey,,Fillingane,,,2,R,2,Sen,SD-041
6616,"Bill Stone",Bill,,Stone,,,1,D,2,Sen,SD-002
6619,"Walter Michel",Walter,,Michel,,,2,R,2,Sen,SD-025
6620,"Bob Dearing",Bob,M,Dearing,,,1,D,2,Sen,SD-037
6622,"Michael Watson",Michael,D.,Watson,Jr.,,2,R,2,Sen,SD-051
6625,"J.P. Wilemon","J. P.",,Wilemon,Jr.,,1,D,2,Sen,SD-005
6626,"David Blount",David,,Blount,,,1,D,2,Sen,SD-029
6628,"Kelvin Butler",Kelvin,E,Butler,,,1,D,2,Sen,SD-038
6629,"Deborah Dawkins",Deborah,Jeanne,Dawkins,,,1,D,2,Sen,SD-048
6631,"Billy Hudson",Billy,,Hudson,,,2,R,2,Sen,SD-045
6633,"Gary Jackson",Gary,,Jackson,,,2,R,2,Sen,SD-015
6634,"David Jordan",David,,Jordan,,,1,D,2,Sen,SD-024
6636,"Gray Tollison",Gray,,Tollison,,,1,D,2,Sen,SD-009
6637,"Dean Kirby",Dean,,Kirby,,,2,R,2,Sen,SD-030
6639,"Terry Burton",Terry,C,Burton,,,2,R,2,Sen,SD-031
6642,"Willie Simmons",Willie,,Simmons,,,1,D,2,Sen,SD-013
6643,"David Baria",David,,Baria,,,1,D,1,Rep,HD-122
6645,"Eugene Clarke",Eugene,S.,Clarke,,Buck,2,R,2,Sen,SD-022
6646,"Lydia Chassaniol",Lydia,Graves,Chassaniol,,,2,R,2,Sen,SD-014
6647,"Videt Carmichael",Videt,,Carmichael,,,2,R,2,Sen,SD-033
6648,"Sampson Jackson",Sampson,,Jackson,II,,1,D,2,Sen,SD-032
6649,"Nolan Mettetal",Nolan,,Mettetal,,,2,R,1,Rep,HD-010
6652,"Robert Jackson",Robert,,Jackson,,Bobby,1,D,2,Sen,SD-011
6653,"Nickey Browning",Nickey,,Browning,,,2,R,2,Sen,SD-003
6658,"Hillman Frazier",Hillman,Terome,Frazier,,,1,D,2,Sen,SD-027
6660,"Briggs Hopson","W. Briggs",,Hopson,III,,2,R,2,Sen,SD-023
6661,"Thomas Gollott",Thomas,Arlin,Gollott,,Tommy,2,R,2,Sen,SD-050
6662,"John Horhn",John,,Horhn,,,1,D,2,Sen,SD-026
6663,"Bennie Turner",Bennie,L.,Turner,,,1,D,2,Sen,SD-016
6664,"Hob Bryan",Hob,,Bryan,,,1,D,2,Sen,SD-007
12068,"Casey Eure",Casey,,Eure,,,2,R,1,Rep,HD-116
13043,"Derrick Simmons",Derrick,T.,Simmons,,,1,D,2,Sen,SD-012
13659,"Sally Doty",Sally,,Doty,,,2,R,2,Sen,SD-039
13662,"Josh Harkins",Josh,,Harkins,,,2,R,2,Sen,SD-020
13663,"Angela Burks Hill",Angela,,"Burks Hill",,,2,R,2,Sen,SD-040
13664,"Russell Jolly",Russell,,Jolly,,,1,D,2,Sen,SD-008
13666,"William Longwitz",William,,Longwitz,,Will,2,R,2,Sen,SD-025
13667,"Chris Massey",Chris,,Massey,,,2,R,2,Sen,SD-001
13668,"Philip Moran",Philip,,Moran,,,2,R,2,Sen,SD-046
13669,"Rita Potts Parks",Rita,,"Potts Parks",,,2,R,2,Sen,SD-004
13670,"John Polk",John,A.,Polk,,,2,R,2,Sen,SD-044
13674,"Sean Tindell",Sean,J.,Tindell,,,2,R,2,Sen,SD-049
13675,"Brice Wiggins",Brice,,Wiggins,,,2,R,2,Sen,SD-052
13677,"Nick Bain",Nick,,Bain,,,1,D,1,Rep,HD-002
13679,"William Arnold",William,Tracy,Arnold,,,2,R,1,Rep,HD-003
13769,"Dennis DeBar",Dennis,L.,DeBar,Jr.,,2,R,2,Sen,SD-043
13770,"Greg Haney",Greg,,Haney,,,2,R,1,Rep,HD-118
13772,"Doug McLeod",Doug,,McLeod,,,2,R,1,Rep,HD-107
13773,"Joey Hood",Joey,,Hood,,,2,R,1,Rep,HD-035
13774,"Sonya Williams-Barnes",Sonya,,Williams-Barnes,,,1,D,1,Rep,HD-119
13776,"Carolyn Crawford",Carolyn,,Crawford,,,2,R,1,Rep,HD-121
13782,"Jason White",Jason,M.,White,,,2,R,1,Rep,HD-048
13790,"Manly Barton",Manly,,Barton,,,2,R,1,Rep,HD-109
13791,"Randy Boyd",Randy,P.,Boyd,,,2,R,1,Rep,HD-019
13793,"Charles Busby",Charles,,Busby,,,2,R,1,Rep,HD-111
13795,"Timmy Ladner",Timmy,,Ladner,,,2,R,1,Rep,HD-093
13796,"John Lamar",John,Thomas,Lamar,III,Trey,2,R,1,Rep,HD-008
13797,"Steve Massengill",Steve,E.,Massengill,,,2,R,1,Rep,HD-013
13799,"Tom Miles",Tom,,Miles,,,1,D,1,Rep,HD-075
13801,"Randal Rushing",Randal,,Rushing,,Randy,2,R,1,Rep,HD-078
13802,"Jody Steverson",Jody,,Steverson,,,1,D,1,Rep,HD-004
13803,"Charles Young",Charles,,Young,Jr.,,1,D,1,Rep,HD-082
13808,"Deborah Butler Dixon",Deborah,,"Butler Dixon",,,1,D,1,Rep,HD-063
13810,"Kevin Horan",Kevin,,Horan,,,1,D,1,Rep,HD-024
13811,"William Shirley",William,E.,Shirley,Jr.,,2,R,1,Rep,HD-084
13813,"Michael Evans",Michael,T.,Evans,,,1,D,1,Rep,HD-045
14359,"David Parker",David,,Parker,,,2,R,2,Sen,SD-019
14360,"Bill Kinkade",Bill,,Kinkade,,,0,,1,Rep,HD-052
14595,"Brent Powell",Brent,,Powell,,,2,R,1,Rep,HD-059
15953,"Sollie Norwood",Sollie,B.,Norwood,,,0,,2,Sen,SD-028
16043,"Patricia Willis",Patricia,H.,Willis,,,0,,1,Rep,HD-095
16044,"Lataisha Jackson",Lataisha,M.,Jackson,,,0,,1,Rep,HD-011
16103,"Jeramey Anderson",Jeramey,,Anderson,,,1,D,1,Rep,HD-110
16104,"Oscar Denton",Oscar,,Denton,,,1,D,1,Rep,HD-055
16105,"John Faulkner",John,Gary,Faulkner,,,1,D,1,Rep,HD-005
16607,"Charles Younger",Charles,A.,Younger,,Chuck,2,R,2,Sen,SD-017
17748,"Shane Barnett",Shane,,Barnett,,,2,R,1,Rep,HD-086
17749,"Juan Barnett",Juan,,Barnett,,,1,D,2,Sen,SD-034
17754,"Shane Aguirre",Shane,,Aguirre,,,2,R,1,Rep,HD-017
17755,"Christopher Bell",Christopher,,Bell,,,1,D,1,Rep,HD-065
17756,"Joel Bomgar",Joel,,Bomgar,,,2,R,1,Rep,HD-058
17757,"Dana Criswell",Dana,,Criswell,,,2,R,1,Rep,HD-006
17758,"Jarvis Dortch",Jarvis,,Dortch,,,1,D,1,Rep,HD-066
17759,"Dan Eubanks",Dan,,Eubanks,,,2,R,1,Rep,HD-025
17760,"Robert Foster",Robert,,Foster,,,2,R,1,Rep,HD-028
17761,"Jeff Hale",Jeff,,Hale,,,2,R,1,Rep,HD-024
17762,"Ashley Henley",Ashley,,Henley,,,2,R,1,Rep,HD-040
17763,"Steve Hopkins",Steve,,Hopkins,,,2,R,1,Rep,HD-007
17764,"Jay Hughes",Jay,,Hughes,,,1,D,1,Rep,HD-012
17765,"Chris Johnson",Chris,,Johnson,,,2,R,1,Rep,HD-087
17766,"Kabir Karriem",Kabir,,Karriem,,,1,D,1,Rep,HD-041
17767,"Vince Mangold",Vince,,Mangold,,,2,R,1,Rep,HD-053
17768,"Roun McNeal",Roun,,McNeal,,,2,R,1,Rep,HD-105
17769,"Carl Mickens",Carl,,Mickens,,,1,D,1,Rep,HD-042
17770,"Karl Oliver",Karl,,Oliver,,,2,R,1,Rep,HD-046
17771,"Orlando Paden",Orlando,,Paden,,,1,D,1,Rep,HD-026
17772,"Rob Roberson",Rob,,Roberson,,,2,R,1,Rep,HD-043
17773,"Noah Sanford",Noah,,Sanford,,,2,R,1,Rep,HD-090
17774,"Kathy Sykes",Kathy,,Sykes,,,1,D,1,Rep,HD-070
17775,"Brad Touchstone",Brad,,Touchstone,,,2,R,1,Rep,HD-101
17776,"Kenneth Walker",Kenneth,,Walker,,,1,D,1,Rep,HD-027
17777,"Cory Wilson",Cory,,Wilson,,,2,R,1,Rep,HD-073
17778,"Barbara Blackmon",Barbara,,Blackmon,,,1,D,2,Sen,SD-021
17779,"Kevin Blackwell",Kevin,,Blackwell,,,2,R,2,Sen,SD-019
17780,"Jennifer Branning",Jennifer,B.,Branning,,,2,R,2,Sen,SD-018
17781,"Chris Caughman",Chris,,Caughman,,,2,R,2,Sen,SD-035
17782,"Chad Mcmahan",Chad,,Mcmahan,,,2,R,2,Sen,SD-006
17783,"Joseph Seymour",Joseph,M.,Seymour,,Mike,2,R,2,Sen,SD-047
17784,"Tammy Witherspoon",Tammy,Felder,Witherspoon,,,1,D,2,Sen,SD-038
17853,"Mark Tullos",Mark,K.,Tullos,,,2,R,1,Rep,HD-079
