sponsor_id,name,first_name,middle_name,last_name,suffix,nickname,party_id,party,role_id,role,district
3354,"John Knight",John,F.,Knight,,,1,D,1,Rep,HD-077
3357,"Laura Hall",Laura,,Hall,,,1,D,1,Rep,HD-019
3358,"Artis McCampbell",Artis,,McCampbell,,"A J",1,D,1,Rep,HD-071
3360,"Barbara Boyd",Barbara,Bigsby,Boyd,,,1,D,1,Rep,HD-032
3370,"Pebblin Warren",Pebblin,W.,Warren,,,1,D,1,Rep,HD-082
3371,"Ralph Howard",Ralph,A.,Howard,,,1,D,1,Rep,HD-072
3372,"Thad McClammy",Thad,,McClammy,,,1,D,1,Rep,HD-076
3374,"Christopher England",Christopher,John,England,,,1,D,1,Rep,HD-070
3375,"Oliver Robinson",Oliver,,Robinson,,Jr.,1,D,1,Rep,HD-058
3379,"Mike Millican",Mike,,Millican,,,2,R,1,Rep,HD-017
3380,"Marcel Black",Marcel,,Black,,,1,D,1,Rep,HD-003
3381,"Alan Harper",Alan,,Harper,,,2,R,1,Rep,HD-061
3382,"Thomas Jackson",Thomas,E.,Jackson,,Action,1,D,1,Rep,HD-068
3385,"Lesley Vance",Lesley,,Vance,,,2,R,1,Rep,HD-080
3386,"William Beasley",William,M.,Beasley,,Billy,1,D,2,Sen,SD-028
3387,"Stephen Hurst",Stephen,W.,Hurst,,Steven,2,R,1,Rep,HD-035
3388,"James Buskey",James,E.,Buskey,,,1,D,1,Rep,HD-099
3389,"Mary Moore",Mary,,Moore,,,1,D,1,Rep,HD-059
3391,"Merika Coleman-Evans",Merika,,Coleman-Evans,,,1,D,1,Rep,HD-057
3392,"Richard Lindsey",Richard,J.,Lindsey,,,1,D,1,Rep,HD-039
3401,"Patricia Todd",Patricia,,Todd,,,1,D,1,Rep,HD-054
3402,"Johnny Morrow",Johnny,Mack,Morrow,,,1,D,1,Rep,HD-018
3405,"Robert Ward",Robert,Cameron,Ward,,,2,R,2,Sen,SD-014
3406,"Craig Ford",Craig,,Ford,,,1,D,1,Rep,HD-028
3408,"Randy Davis",Randy,,Davis,,,2,R,1,Rep,HD-096
3410,"Mike Hill",Mike,,Hill,,,2,R,1,Rep,HD-041
3411,"Mac McCutcheon",Mac,,McCutcheon,,,2,R,1,Rep,HD-025
3415,"Victor Gaston",Victor,,Gaston,,,2,R,1,Rep,HD-100
3416,"Mike Ball",Mike,,Ball,,,2,R,1,Rep,HD-010
3418,"Jack Williams",Jack,"D,",Williams,,,2,R,1,Rep,HD-047
3419,"Dickie Drake",Dickie,,Drake,,,2,R,1,Rep,HD-045
3420,"Gerald Allen",Gerald,,Allen,,,2,R,2,Sen,SD-021
3422,"James Martin",James,M.,Martin,,Jimmy,2,R,1,Rep,HD-042
3423,"Harry Shiver",Harry,,Shiver,,,2,R,1,Rep,HD-064
3424,"Joe Faust",Joe,,Faust,Sr.,,2,R,1,Rep,HD-094
3426,"Alan Baker",Alan,,Baker,,,2,R,1,Rep,HD-066
3427,"Steve McMillan",Steve,,McMillan,,,2,R,1,Rep,HD-095
3429,"Jim McClendon",Jim,,McClendon,,,2,R,2,Sen,SD-011
3430,"Randy Wood",Randy,,Wood,,,2,R,1,Rep,HD-036
3432,"Steve Clouse",Steve,,Clouse,,,2,R,1,Rep,HD-093
3435,"Howard Sanderford",Howard,,Sanderford,,,2,R,1,Rep,HD-020
3437,"Phillip Williams",Phillip,,Williams,,,2,R,1,Rep,HD-006
3438,"Micky Hammon",Micky,,Hammon,,,2,R,1,Rep,HD-004
3442,"Alvin Holmes",Alvin,,Holmes,,,1,D,1,Rep,HD-078
3445,"Allen Treadaway",Allen,,Treadaway,,,2,R,1,Rep,HD-051
3449,"Ronald Johnson",Ronald,G.,Johnson,,,2,R,1,Rep,HD-033
3450,"Alan Boothe",Alan,C.,Boothe,,,2,R,1,Rep,HD-089
3454,"John Rogers",John,W.,Rogers,Jr.,,1,D,1,Rep,HD-052
3455,"Elaine Beech",Elaine,,Beech,,,1,D,1,Rep,HD-065
3456,"Roderick Scott",Roderick,,Scott,,Rod,1,D,1,Rep,HD-055
3458,"George Bandy",George,C.,Bandy,,Tootie,1,D,1,Rep,HD-083
3459,"K.L. Brown",K.L.,,Brown,,Koven,2,R,1,Rep,HD-040
3461,"J.T. Waggoner","J. T.",,Waggoner,,Jabo,2,R,2,Sen,SD-016
3462,"Del Marsh",Del,,Marsh,,,2,R,2,Sen,SD-012
3464,"Trip Pittman",Trip,,Pittman,,,2,R,2,Sen,SD-032
3465,"Rodger Smitherman",Rodger,M.,Smitherman,,,1,D,2,Sen,SD-018
3467,"Paul Sanford",Paul,L.,Sanford,,,2,R,2,Sen,SD-007
3469,"Rusty Glover",Rusty,,Glover,,,2,R,2,Sen,SD-034
3470,"Hank Sanders",Hank,,Sanders,,,1,D,2,Sen,SD-023
3472,"Quinton Ross",Quinton,T.,Ross,Jr.,,1,D,2,Sen,SD-026
3479,"Linda Coleman",Linda,,Coleman,,,1,D,2,Sen,SD-020
3480,"Priscilla Dunn",Priscilla,,Dunn,,,1,D,2,Sen,SD-019
3481,"Arthur Orr",Arthur,,Orr,,,2,R,2,Sen,SD-003
3482,"Bobby Singleton",Bobby,,Singleton,,,1,D,2,Sen,SD-024
3490,"Vivian Figures",Vivian,Davis,Figures,,,1,D,2,Sen,SD-033
3491,"Jimmy Holley",Jimmy,W.,Holley,,,2,R,2,Sen,SD-031
3493,"Harri Smith",Harri,Anne,Smith,,,3,I,2,Sen,SD-029
12485,"Kerry Rich",Kerry,,Rich,,,2,R,1,Rep,HD-026
12486,"Terri Collins",Terri,,Collins,,,2,R,1,Rep,HD-008
12488,"Lynn Greer",Lynn,,Greer,,,2,R,1,Rep,HD-002
12489,"Dan Williams",Dan,,Williams,,,2,R,1,Rep,HD-005
12490,"Paul Lee",Paul,,Lee,,,2,R,1,Rep,HD-086
12492,"Greg Reed",Greg,,Reed,,,2,R,2,Sen,SD-005
12495,"Dick Brewbaker",Dick,L.,Brewbaker,,,2,R,2,Sen,SD-025
12496,"Paul Bussman",Paul,,Bussman,,,2,R,2,Sen,SD-004
12497,"Bill Holtzclaw",Bill,,Holtzclaw,,,2,R,2,Sen,SD-002
12498,"Phil Williams",Phil,,Williams,,,2,R,2,Sen,SD-010
12499,"Clay Scofield",Clay,,Scofield,,,2,R,2,Sen,SD-009
12500,"April Weaver",April,,Weaver,,,2,R,1,Rep,HD-049
12501,"Barry Moore",Barry,,Moore,,,2,R,1,Rep,HD-091
12502,"Ed Henry",Ed,,Henry,,,2,R,1,Rep,HD-009
12503,"Mike Hubbard",Mike,,Hubbard,,,2,R,1,Rep,HD-079
12506,"Becky Nordgren",Becky,,Nordgren,,,2,R,1,Rep,HD-029
12509,"Donnie Chesteen",Donnie,,Chesteen,,,1,D,1,Rep,HD-087
12512,"Ken Johnson",Ken,,Johnson,,,2,R,1,Rep,HD-007
12513,"Jim Patterson",Jim,,Patterson,,,2,R,1,Rep,HD-021
12515,"Gerald Dial",Gerald,,Dial,,,2,R,2,Sen,SD-013
12521,"Thomas Whatley",Thomas,M.,Whatley,,,2,R,2,Sen,SD-027
12525,"Mike Jones",Mike,,Jones,Jr.,,2,R,1,Rep,HD-092
12526,"Paul Beckman",Paul,,Beckman,,,2,R,1,Rep,HD-088
12530,"William Poole",William,,Poole,,Bill,2,R,1,Rep,HD-063
12541,"Slade Blackwell",Slade,,Blackwell,,,2,R,2,Sen,SD-015
12542,"Napoleon Bracy",Napoleon,,Bracy,Jr.,,1,D,1,Rep,HD-098
12543,"Berry Forte",Berry,,Forte,,,1,D,1,Rep,HD-084
12545,"Mark Tuggle",Mark,M.,Tuggle,,,2,R,1,Rep,HD-081
12546,"Darrio Melton",Darrio,,Melton,,,1,D,1,Rep,HD-067
12548,"Allen Farley",Allen,,Farley,,,2,R,1,Rep,HD-015
12549,"Dexter Grimsley",Dexter,,Grimsley,,,1,D,1,Rep,HD-085
12550,"Juandalynn Givan",Juandalynn,,Givan,,"Lee Lee",1,D,1,Rep,HD-060
13150,"David Sessions",David,,Sessions,,,2,R,1,Rep,HD-105
13766,"Jim Carns",Jim,,Carns,,,2,R,1,Rep,HD-048
15745,"David Standridge",David,,Standridge,,,2,R,1,Rep,HD-034
15746,"Mack Butler",Mack,N.,Butler,,,2,R,1,Rep,HD-030
15984,"Bill Hightower",Bill,,Hightower,,,2,R,2,Sen,SD-035
16021,"Randall Shedd",Randall,,Shedd,,,2,R,1,Rep,HD-011
16069,"Dimitri Polizos",Dimitri,,Polizos,,,2,R,1,Rep,HD-074
16140,"Adline Clarke",Adline,Cecline,Clarke,,,1,D,1,Rep,HD-097
16211,"Mike Holmes",Mike,,Holmes,,,2,R,1,Rep,HD-031
16212,"Margie Wilcox",Margie,,Wilcox,,,2,R,1,Rep,HD-104
16871,"Greg Albritton",Greg,,Albritton,,,2,R,2,Sen,SD-022
16872,"Clyde Chambliss",Clyde,,Chambliss,Jr.,,2,R,2,Sen,SD-030
16873,"Steve Livingston",Steve,,Livingston,,,2,R,2,Sen,SD-008
16874,"Shay Shelnutt",Shay,,Shelnutt,,,2,R,2,Sen,SD-017
16875,"Tim Melson",Tim,,Melson,,,2,R,2,Sen,
16876,"Larry Stutts",Larry,,Stutts,,,2,R,2,Sen,SD-006
17025,"Corey Harbison",Corey,,Harbison,,,2,R,1,Rep,HD-012
17026,"Phillip Pettus",Phillip,,Pettus,,,2,R,1,Rep,HD-001
17027,"Ritchie Whorton",Ritchie,,Whorton,,,2,R,1,Rep,HD-022
17028,"Connie Rowe",Connie,Cooner,Rowe,,,2,R,1,Rep,HD-013
17589,"David Faulkner",David,,Faulkner,,,2,R,1,Rep,HD-046
17590,"Matt Fridy",Matt,,Fridy,,,2,R,1,Rep,HD-073
17591,"Danny Garrett",Danny,,Garrett,,,2,R,1,Rep,HD-044
17592,"James Hanes",James,T.,Hanes,Jr.,Tommy,2,R,1,Rep,HD-023
17593,"Jim Hill",Jim,,Hill,,,2,R,1,Rep,HD-050
17594,"Reed Ingram",Reed,,Ingram,,,2,R,1,Rep,HD-075
17595,"Nathaniel Ledbetter",Nathaniel,,Ledbetter,,,2,R,1,Rep,HD-024
17596,"Chris Sells",Chris,,Sells,,,2,R,1,Rep,HD-090
17597,"Kyle South",Kyle,,South,,,2,R,1,Rep,HD-016
17598,"Jack Williams",Jack,W.,Williams,,,2,R,1,Rep,HD-102
17599,"Will Ainsworth",Will,,Ainsworth,,,2,R,1,Rep,HD-027
17603,"Chris Pringle",Chris,,Pringle,,,2,R,1,Rep,HD-101
17622,"Bob Fincher",Bob,,Fincher,,,2,R,1,Rep,HD-037
17624,"Barbara Drummond",Barbara,,Drummond,,,1,D,1,Rep,HD-103
17625,"Kelvin Lawrence",Kelvin,J.,Lawrence,,,1,D,1,Rep,HD-069
17632,"Timothy Wadsworth",Timothy,R.,Wadsworth,,,2,R,1,Rep,HD-014
17633,"Rich Wingo",Rich,,Wingo,,,2,R,1,Rep,HD-062
17634,"Arnold Mooney",Arnold,,Mooney,,,2,R,1,Rep,HD-043
17641,"Louise Alexander",Louise,,Alexander,,,1,D,1,Rep,HD-056
17642,"Anthony Daniels",Anthony,,Daniels,,,1,D,1,Rep,HD-053
17643,"Issac Whorton",Issac,,Whorton,,,2,R,1,Rep,HD-038
