sponsor_id,name,first_name,middle_name,last_name,suffix,nickname,party_id,party,role_id,role,district
2,"William Anderson",William,,Anderson,Jr.,Bill,2,R,1,Rep,HD-008
5,"Tim Armstead",Tim,,Armstead,,,2,R,1,Rep,HD-040
6,"Bob Ashley",Bob,,Ashley,,,2,R,2,Sen,SD-003
9,"Robert Beach",Robert,D.,Beach,,,1,D,2,Sen,SD-013
10,"Craig Blair",Craig,P.,Blair,,,2,R,2,Sen,SD-015
11,"Brent Boggs",Brent,,Boggs,,,1,D,1,Rep,HD-034
18,"Denny Canterbury",Denny,Ray,Canterbury,Jr.,Ray,2,R,1,Rep,HD-042
19,"Michael Caputo",Michael,L.,Caputo,,Mike,1,D,1,Rep,HD-050
20,"Mitch Carmichael",Mitch,B.,Carmichael,,,2,R,2,Sen,SD-004
21,"Daryl Cowles",Daryl,E.,Cowles,,,2,R,1,Rep,HD-058
26,"Walter Duke",Walter,E.,Duke,,,2,R,1,Rep,HD-061
27,"Jeff Eldridge",Jeff,,Eldridge,,,1,D,1,Rep,HD-022
31,"Allen Evans",Allen,V.,Evans,,,2,R,1,Rep,HD-054
32,"Barbara Fleischauer",Barbara,Evans,Fleischauer,,,1,D,1,Rep,HD-051
36,"Nancy Peoples Guthrie",Nancy,Lee,"Peoples Guthrie",,,1,D,1,Rep,HD-036
37,"Bill Hamilton",Bill,,Hamilton,,,2,R,1,Rep,HD-045
38,"William Hartman",William,G.,Hartman,,,1,D,1,Rep,HD-043
44,"Lynwood Ireland",Lynwood,,Ireland,,Woody,2,R,1,Rep,HD-007
48,"Patrick Lane",Patrick,,Lane,,,2,R,1,Rep,HD-038
50,"Linda Longstreth",Linda,,Longstreth,,,1,D,1,Rep,HD-050
52,"Timothy Manchin",Timothy,J.,Manchin,,Tim,1,D,1,Rep,HD-050
56,"Tim Miley",Tim,,Miley,,,1,D,1,Rep,HD-048
57,"Carol Miller",Carol,D.,Miller,,,2,R,1,Rep,HD-016
59,"Clif Moore",Clif,,Moore,,,1,D,1,Rep,HD-026
60,"Jim Morgan",Jim,,Morgan,,,1,D,1,Rep,HD-016
61,"Ricky Moye",Ricky,,Moye,,,1,D,1,Rep,HD-029
62,"John Overington",John,,Overington,,,2,R,1,Rep,HD-062
63,"Corey Palumbo",Corey,L.,Palumbo,,,1,D,2,Sen,SD-017
65,"Don Perdue",Don,C.,Perdue,,,1,D,1,Rep,HD-019
66,"David Perry",David,G.,Perry,,,1,D,1,Rep,HD-032
67,"David Pethtel",David,Lee,Pethtel,,,1,D,1,Rep,HD-005
73,"Douglas Reynolds",Douglas,V.,Reynolds,,,1,D,1,Rep,HD-017
74,"Ralph Rodighiero",Ralph,,Rodighiero,,,1,D,1,Rep,HD-024
75,"William Romine",William,Roger,Romine,,,2,R,1,Rep,HD-006
76,"Ruth Rowan",Ruth,,Rowan,,,2,R,1,Rep,HD-057
81,"Kelli Sobonya",Kelli,,Sobonya,,,2,R,1,Rep,HD-018
94,"Ron Walters",Ron,,Walters,,,2,R,1,Rep,HD-039
100,"Jack Yost",Jack,,Yost,,,1,D,2,Sen,SD-001
104,"Donna Boley",Donna,J.,Boley,,,2,R,2,Sen,SD-003
108,"Frank Deem",Frank,,Deem,,,2,R,1,Rep,HD-010
115,"Mike Hall",Mike,,Hall,,,2,R,2,Sen,SD-004
119,"Jeffrey Kessler",Jeffrey,V.,Kessler,,,1,D,2,Sen,SD-002
125,"Robert Plymale",Robert,H.,Plymale,,Bob,1,D,2,Sen,SD-005
126,"Roman Prezioso",Roman,W.,Prezioso,Jr.,,1,D,2,Sen,SD-013
129,"Ron Stollings",Ron,,Stollings,,,1,D,2,Sen,SD-007
130,"Dave Sypolt",Dave,,Sypolt,,,2,R,2,Sen,SD-014
131,"John Unger",John,,Unger,II,,1,D,2,Sen,SD-016
802,"Douglas Facemire",Douglas,Eugene,Facemire,,,1,D,2,Sen,SD-012
804,"Bob Williams",Bob,,Williams,,,1,D,2,Sen,SD-014
805,"William Laird",William,R.,Laird,IV,,1,D,2,Sen,SD-010
806,"Herb Snyder",Herb,,Snyder,,,1,D,2,Sen,SD-016
810,"Michael Ferro",Michael,,Ferro,,Mike,1,D,1,Rep,HD-004
824,"John Shott",John,H.,Shott,,,2,R,1,Rep,HD-027
825,"Magaret Smith",Magaret,Donaldson,Smith,,Peggy,1,D,1,Rep,HD-046
826,"Pat McGeehan",Pat,,McGeehan,,,2,R,1,Rep,HD-001
11204,"Ronald Miller",Ronald,F.,Miller,,Ron,1,D,2,Sen,SD-010
11206,"Gary Howell",Gary,G.,Howell,,,2,R,1,Rep,HD-056
11304,"Denise Campbell",Denise,L.,Campbell,,,1,D,1,Rep,HD-043
11305,"Eric Householder",Eric,Lee,Householder,,,2,R,1,Rep,HD-064
11306,"Rupert Phillips",Rupert,W.,Phillips,Jr.,Rupie,1,D,1,Rep,HD-024
11309,"Erikka Storch",Erikka,,Storch,,,2,R,1,Rep,HD-003
11591,"Ryan Ferns",Ryan,J.,Ferns,,,2,R,2,Sen,SD-001
11592,"Marty Gearheart",Marty,,Gearheart,,,2,R,1,Rep,HD-027
11796,"Joe Ellington",Joe,C.,Ellington,Jr.,,2,R,1,Rep,HD-027
11797,"Fredrik Nelson",Fredrik,Eric,Nelson,Jr.,Eric,2,R,1,Rep,HD-035
11798,"John O'Neal",John,David,O'Neal,IV,,2,R,1,Rep,HD-028
13726,"Art Kirkendoll",Art,,Kirkendoll,,,1,D,2,Sen,SD-007
13807,"Justin Marcum",Justin,J.,Marcum,,,1,D,1,Rep,HD-020
13933,"William Cole",William,Paul,Cole,III,Bill,2,R,2,Sen,SD-006
15832,"Scott Cadle",Scott,,Cadle,,,2,R,1,Rep,HD-013
15833,"Paul Espinosa",Paul,,Espinosa,,,2,R,1,Rep,HD-066
15834,"Dana Lynch",Dana,L.,Lynch,,,1,D,1,Rep,HD-044
15835,"Joshua Nelson",Joshua,,Nelson,,,2,R,1,Rep,HD-023
15837,"Randy Smith",Randy,E.,Smith,,,2,R,1,Rep,HD-053
15845,"Chris Walters",Chris,,Walters,,,2,R,2,Sen,SD-008
15859,"Karen Arvon",Karen,Lynne,Arvon,,,2,R,1,Rep,HD-031
15860,"Jim Butler",Jim,,Butler,,,2,R,1,Rep,HD-014
15861,"Larry Faircloth",Larry,W.,Faircloth,,,2,R,1,Rep,HD-060
15862,"Michael Folk",Michael,,Folk,,Mike,2,R,1,Rep,HD-063
15864,"Steve Westfall",Steve,,Westfall,,,2,R,1,Rep,HD-012
15891,"Cindy Frich",Cindy,,Frich,,,2,R,1,Rep,HD-051
15892,"Danny Hamrick",Danny,,Hamrick,,,2,R,1,Rep,HD-048
15893,"John McCuskey",John,B.,McCuskey,,,2,R,1,Rep,HD-035
15894,"Stephen Skinner",Stephen,,Skinner,,,1,D,1,Rep,HD-067
15895,"Isaac Sponaugle",Isaac,,Sponaugle,,,1,D,1,Rep,HD-055
15904,"David Evans",David,A.,Evans,,,2,R,1,Rep,HD-004
15907,"George Ambler",George,,Ambler,,Boogie,2,R,1,Rep,HD-042
15908,"Roy Cooper",Roy,G.,Cooper,,,2,R,1,Rep,HD-028
16928,"Geoff Foster",Geoff,B.,Foster,,,2,R,1,Rep,HD-015
16929,"Michel Moffatt",Michel,Gerald,Moffatt,Sr.,,2,R,1,Rep,HD-022
16930,"Christopher Stansbury",Christopher,A.,Stansbury,,,2,R,1,Rep,HD-035
16931,"Joseph Statler",Joseph,C.,Statler,,,2,R,1,Rep,HD-051
16932,"Brad White",Brad,,White,,,2,R,1,Rep,HD-036
16933,"Mark Zatezalo",Mark,,Zatezalo,,,2,R,1,Rep,HD-001
16934,"Tom Fast",Tom,,Fast,,,2,R,1,Rep,HD-032
16935,"Roger Hanshaw",Roger,,Hanshaw,,,2,R,1,Rep,HD-033
16936,"Jordan Hill",Jordan,,Hill,,,2,R,1,Rep,HD-041
16937,"Michael Ihle",Michael,,Ihle,,,2,R,1,Rep,HD-013
16938,"John Kelly",John,R.,Kelly,,,2,R,1,Rep,HD-010
16939,"Brian Kurcaba",Brian,C.,Kurcaba,,,2,R,1,Rep,HD-051
16940,"Matthew Rohrbach",Matthew,,Rohrbach,,,2,R,1,Rep,HD-017
16941,"Amy Summers",Amy,,Summers,,,2,R,1,Rep,HD-049
16942,"Danny Wagner",Danny,,Wagner,,,2,R,1,Rep,HD-047
16943,"Theresa Waxman",Theresa,,Waxman,,Terry,2,R,1,Rep,HD-048
16944,"Ryan Weld",Ryan,W.,Weld,,,2,R,1,Rep,HD-002
16945,"Ed Gaunch",Ed,,Gaunch,,,2,R,2,Sen,SD-008
16946,"Robert Karnes",Robert,L.,Karnes,,,2,R,2,Sen,SD-011
16947,"Kent Leonhardt",Kent,,Leonhardt,,,2,R,2,Sen,SD-002
16948,"Mark Maynard",Mark,R.,Maynard,,,2,R,2,Sen,
16949,"Jeffrey Mullins",Jeffrey,K.,Mullins,,,2,R,2,Sen,SD-009
16950,"Michael Romano",Michael,Joseph,Romano,,Mike,1,D,2,Sen,SD-012
16951,"Tamejiro Takubo",Tamejiro,,Takubo,Jr.,Tom,2,R,2,Sen,SD-017
16952,"Charles Trump",Charles,S.,Trump,IV,,2,R,2,Sen,SD-015
16953,"Jill Upson",Jill,,Upson,,,2,R,1,Rep,HD-065
16954,"Kayla Kessinger",Kayla,,Kessinger,,,2,R,1,Rep,HD-032
16997,"Larry Rowe",Larry,L.,Rowe,,,1,D,1,Rep,HD-036
16998,"Mike Pushkin",Mike,,Pushkin,,,1,D,1,Rep,HD-037
16999,"Andrew Byrd",Andrew,D.,Byrd,,,1,D,1,Rep,HD-035
17000,"Sean Hornbuckle",Sean,,Hornbuckle,,,1,D,1,Rep,HD-016
17194,"Patsy Trecost",Patsy,Samuel,Trecost,II,,1,D,1,Rep,HD-048
17195,"Kenneth Hicks",Kenneth,Paul,Hicks,,,1,D,1,Rep,HD-019
17196,"Michael Woelfel",Michael,A.,Woelfel,,,1,D,2,Sen,SD-005
17197,"Shawn Fluharty",Shawn,Lucas,Fluharty,,,1,D,1,Rep,HD-003
17256,"Gregory Boso",Gregory,,Boso,,,2,R,2,Sen,
17359,"Mick Bates",Mick,,Bates,,,1,D,1,Rep,HD-030
17580,"Saira Blair",Saira,,Blair,,,2,R,1,Rep,HD-059
17581,"Mike Azinger",Mike,,Azinger,,,2,R,1,Rep,HD-010
17582,"Anna Border-Sheppard",Anna,Lois,Border-Sheppard,,,2,R,1,Rep,HD-009
17827,"Martin Atkinson",Martin,,Atkinson,III,,2,R,1,Rep,HD-011
17828,"Frank Blackwell",Frank,L.,Blackwell,,,1,D,1,Rep,HD-025
17829,"Steven Shaffer",Steven,,Shaffer,,,1,D,1,Rep,HD-052
17830,"Phyllis White",Phyllis,,White,,,1,D,1,Rep,HD-021
17838,"Bill Flanigan",Bill,,Flanigan,,,2,R,1,Rep,HD-051
17854,"Sue Cline",Sue,,Cline,,,2,R,2,Sen,SD-009
