sponsor_id,name,first_name,middle_name,last_name,suffix,nickname,party_id,party,role_id,role,district
1495,"Joel Anderson",Joel,,Anderson,,,2,R,2,Sen,SD-038
1496,"Juan Arambula",Juan,,Arambula,,,1,D,1,Rep,HD-031
1498,"Jim Beall",Jim,,Beall,Jr.,,1,D,2,Sen,SD-015
1500,"Tom Berryhill",Tom,,Berryhill,,,2,R,2,Sen,SD-008
1502,"Marty Block",Marty,,Block,,,1,D,2,Sen,SD-039
1516,"Kevin de Leon",Kevin,,"de Leon",,,1,D,2,Sen,SD-024
1525,"Jean Fuller",Jean,,Fuller,,,2,R,2,Sen,SD-016
1527,"Ted Gaines",Ted,,Gaines,,,2,R,2,Sen,SD-001
1528,"Cathleen Galgiani",Cathleen,,Galgiani,,,1,D,2,Sen,SD-005
1532,"Isadore Hall",Isadore,,Hall,III,,1,D,2,Sen,HD-064
1535,"Edward Hernandez",Edward,P.,Hernandez,,,1,D,2,Sen,SD-022
1536,"Jerry Hill",Jerry,A.,Hill,,,1,D,2,Sen,SD-013
1541,"Steve Knight",Steve,,Knight,,,2,R,2,Sen,SD-021
1546,"Tony Mendoza",Tony,,Mendoza,,,1,D,2,Sen,SD-032
1548,"William Monning",William,W.,Monning,,Bill,1,D,2,Sen,SD-017
1552,"Jim Nielsen",Jim,,Nielsen,,,2,R,2,Sen,SD-004
1582,"Mark DeSaulnier",Mark,,DeSaulnier,,,1,D,2,Sen,SD-007
1588,"Robert Huff",Robert,,Huff,,Bob,2,R,2,Sen,SD-029
1590,"Mark Leno",Mark,,Leno,,,1,D,2,Sen,SD-011
1591,"Carol Liu",Carol,J.,Liu,,,1,D,2,Sen,SD-025
1597,"Fran Pavley",Fran,,Pavley,,,1,D,2,Sen,SD-027
1604,"Mimi Walters",Mimi,,Walters,,,2,R,2,Sen,SD-037
1606,"Lois Wolk",Lois,,Wolk,,,1,D,2,Sen,SD-003
1610,"Loni Hancock",Loni,,Hancock,,,1,D,2,Sen,SD-009
9547,"Mike Gatto",Mike,,Gatto,,,1,D,1,Rep,HD-043
10957,"Luis Alejo",Luis,A.,Alejo,,,1,D,1,Rep,HD-030
10959,"Toni Atkins",Toni,,Atkins,,,1,D,1,Rep,HD-078
10960,"Susan Bonilla",Susan,A.,Bonilla,,,1,D,1,Rep,HD-014
10965,"Richard Gordon",Richard,S.,Gordon,,Rich,1,D,1,Rep,HD-024
10968,"Ricardo Lara",Ricardo,,Lara,,,1,D,2,Sen,SD-033
10969,"Holly Mitchell",Holly,J.,Mitchell,,,1,D,2,Sen,SD-030
10970,"Richard Pan",Richard,,Pan,,,1,D,2,Sen,SD-006
10971,"Henry Perea",Henry,T.,Perea,,,1,D,1,Rep,HD-031
10972,"Bob Wieckowski",Bob,,Wieckowski,,,1,D,1,Rep,HD-025
10973,"Das Williams",Das,,Williams,,,1,D,1,Rep,HD-037
11232,"Kristin Olsen",Kristin,,Olsen,,,2,R,1,Rep,HD-012
11609,"K H Achadjian","K H",,Achadjian,,Katcho,2,R,1,Rep,HD-035
11610,"Nora Campos",Nora,,Campos,,,1,D,1,Rep,HD-027
11611,"Shannon Grove",Shannon,L.,Grove,,,2,R,1,Rep,HD-034
11612,"Benjamin Hueso",Benjamin,,Hueso,,Ben,1,D,2,Sen,SD-040
11614,"Mike Morrell",Mike,,Morrell,,,2,R,2,Sen,SD-023
11616,"Donald Wagner",Donald,P.,Wagner,,Don,2,R,1,Rep,HD-068
11920,"Roger Hernandez",Roger,,Hernandez,,,1,D,1,Rep,HD-048
11921,"Anthony Cannella",Anthony,,Cannella,,,2,R,2,Sen,SD-012
13078,"Beth Gaines",Beth,B.,Gaines,,,2,R,1,Rep,HD-006
14091,"Franklin Bigelow",Franklin,E.,Bigelow,,Frank,2,R,1,Rep,HD-005
14092,"Richard Bloom",Richard,,Bloom,,,1,D,1,Rep,HD-050
14094,"Rob Bonta",Rob,,Bonta,,Bob,1,D,1,Rep,HD-018
14095,"Cheryl Brown",Cheryl,R.,Brown,,,1,D,1,Rep,HD-047
14096,"Edwin Chau",Edwin,,Chau,,Ed,1,D,1,Rep,HD-049
14097,"Rocky Chavez",Rocky,J.,Chavez,,,2,R,1,Rep,HD-076
14098,"Ken Cooley",Ken,,Cooley,,,1,D,1,Rep,HD-008
14099,"Brian Dahle",Brian,,Dahle,,,2,R,1,Rep,HD-001
14100,"Tom Daly",Tom,,Daly,,,1,D,1,Rep,HD-069
14101,"Susan Eggman",Susan,Talamantes,Eggman,,,1,D,1,Rep,HD-013
14103,"Jim Frazier",Jim,,Frazier,,,1,D,1,Rep,HD-011
14104,"Cristina Garcia",Cristina,,Garcia,,,1,D,1,Rep,HD-058
14105,"Jimmy Gomez",Jimmy,,Gomez,,,1,D,1,Rep,HD-051
14106,"Adam Gray",Adam,,Gray,,,1,D,1,Rep,HD-021
14107,"Chris Holden",Chris,R.,Holden,,,1,D,1,Rep,HD-041
14108,"Ian Calderon",Ian,Charles,Calderon,,,1,D,1,Rep,HD-057
14109,"Reginald Jones-Sawyer",Reginald,B.,Jones-Sawyer,Sr.,Reggie,1,D,1,Rep,HD-059
14110,"Marc Levine",Marc,B.,Levine,,,1,D,1,Rep,HD-010
14111,"Eric Linder",Eric,,Linder,,,2,R,1,Rep,HD-060
14112,"Brian Maienschein",Brian,,Maienschein,,,2,R,1,Rep,HD-077
14113,"Jose Medina",Jose,,Medina,,,1,D,1,Rep,HD-061
14114,"Melissa Melendez",Melissa,A.,Melendez,,,2,R,1,Rep,HD-067
14115,"Kevin Mullin",Kevin,,Mullin,,,1,D,1,Rep,HD-022
14117,"Jim Patterson",Jim,,Patterson,,,2,R,1,Rep,HD-023
14119,"Bill Quirk",Bill,,Quirk,,,1,D,1,Rep,HD-020
14120,"Anthony Rendon",Anthony,,Rendon,,,1,D,1,Rep,HD-063
14121,"Mark Stone",Mark,,Stone,,,1,D,1,Rep,HD-029
14122,"Philip Ting",Philip,Y.,Ting,,Phil,1,D,1,Rep,HD-019
14123,"Marie Waldron",Marie,,Waldron,,,2,R,1,Rep,HD-075
14124,"Shirley Weber",Shirley,N.,Weber,,,1,D,1,Rep,HD-079
14125,"Scott Wilk",Scott,Thomas,Wilk,,,2,R,1,Rep,HD-038
14130,"Hannah-Beth Jackson",Hannah-Beth,,Jackson,,,1,D,2,Sen,SD-019
14134,"Richard Roth",Richard,,Roth,,,1,D,2,Sen,SD-031
14219,"Adrin Nazarian",Adrin,,Nazarian,,,1,D,1,Rep,HD-046
16033,"Lorena Gonzalez",Lorena,,Gonzalez,,,1,D,1,Rep,HD-080
16048,"Andy Vidak",Andy,,Vidak,,,2,R,2,Sen,SD-014
16087,"Freddie Rodriguez",Freddie,,Rodriguez,,,1,D,1,Rep,HD-052
16094,"Matt Dababneh",Matt,,Dababneh,,,1,D,1,Rep,HD-045
16221,"Brian Jones",Brian,W.,Jones,,,2,R,1,Rep,HD-071
16278,"Catharine Baker",Catharine,,Baker,,,2,R,1,Rep,HD-016
16279,"William Brough",William,,Brough,,Bill,2,R,1,Rep,HD-073
16280,"Autumn Burke",Autumn,,Burke,,,1,D,1,Rep,HD-062
16281,"Ling-ling Chang",Ling-ling,,Chang,,,2,R,1,Rep,HD-055
16282,"David Chiu",David,,Chiu,,,1,D,1,Rep,HD-017
16283,"Kansen Chu",Kansen,,Chu,,,1,D,1,Rep,HD-025
16284,"Jim Cooper",Jim,,Cooper,,,1,D,1,Rep,HD-009
16285,"Bill Dodd",Bill,,Dodd,,,1,D,1,Rep,HD-004
16286,"Eduardo Garcia",Eduardo,,Garcia,,,1,D,1,Rep,HD-056
16287,"James Gallagher",James,,Gallagher,,,2,R,1,Rep,HD-003
16288,"Mike Gipson",Mike,,Gipson,,,1,D,1,Rep,HD-064
16289,"David Hadley",David,,Hadley,,,2,R,1,Rep,HD-066
16290,"Matthew Harper",Matthew,,Harper,,,2,R,1,Rep,HD-074
16291,"Jacqui Irwin",Jacqui,,Irwin,,,1,D,1,Rep,HD-044
16292,"Young Kim",Young,,Kim,,,2,R,1,Rep,HD-065
16293,"Tom Lackey",Tom,,Lackey,,,2,R,1,Rep,HD-036
16294,"Evan Low",Evan,,Low,,,1,D,1,Rep,HD-028
16295,"Devon Mathis",Devon,,Mathis,,,2,R,1,Rep,HD-026
16296,"Kevin McCarty",Kevin,,McCarty,,,1,D,1,Rep,HD-007
16297,"Patrick O'Donnell",Patrick,,O'Donnell,,,1,D,1,Rep,HD-070
16298,"Jay Obernolte",Jay,P,Obernolte,,,2,R,1,Rep,HD-033
16299,"Miguel Santiago",Miguel,,Santiago,,,1,D,1,Rep,HD-053
16300,"Marc Steinorth",Marc,,Steinorth,,,2,R,1,Rep,HD-040
16301,"Tony Thurmond",Tony,,Thurmond,,,1,D,1,Rep,HD-015
16302,"Travis Allen",Travis,,Allen,,,2,R,1,Rep,HD-072
16303,"Jim Wood",Jim,,Wood,,,1,D,1,Rep,HD-002
16304,"Ben Allen",Ben,,Allen,,,1,D,2,Sen,SD-026
16305,"Patricia Bates",Patricia,C,Bates,,Pat,2,R,2,Sen,SD-036
16306,"Bob Hertzberg",Bob,,Hertzberg,,,1,D,2,Sen,SD-018
16307,"Connie Leyva",Connie,M,Leyva,,,1,D,2,Sen,SD-020
16308,"Mike McGuire",Mike,,McGuire,,,1,D,2,Sen,SD-002
16309,"Janet Nguyen",Janet,,Nguyen,,,2,R,2,Sen,SD-034
16310,"Jeff Stone",Jeff,,Stone,,,2,R,2,Sen,SD-028
16316,"Chad Mayes",Chad,,Mayes,,,2,R,1,Rep,HD-042
16317,"Patty Lopez",Patty,,Lopez,,,1,D,1,Rep,HD-039
17428,"Rudy Salas",Rudy,,Salas,,,1,D,1,Rep,HD-032
17429,"Sebastian Ridley-Thomas",Sebastian,,Ridley-Thomas,,,1,D,1,Rep,HD-054
17671,"John Moorlach",John,,Moorlach,,,2,R,2,Sen,SD-037
17701,"Steve Glazer",Steve,,Glazer,,,1,D,2,Sen,SD-007
17703,"Sharon Runner",Sharon,,Runner,,,2,R,2,Sen,SD-021
