sponsor_id,name,first_name,middle_name,last_name,suffix,nickname,party_id,party,role_id,role,district
8952,Charles Rangel,Charles,B.,Rangel,,,1,D,1,Rep,HD-NY-13
8955,Nydia Velazquez,Nydia,M.,Velazquez,,,1,D,1,Rep,HD-NY-7
8957,Frank Pallone,Frank,,Pallone,Jr.,,1,D,1,Rep,HD-NJ-6
8962,Lois Capps,Lois,,Capps,,,1,D,1,Rep,HD-CA-24
8963,Kathy Castor,Kathy,,Castor,,,1,D,1,Rep,HD-FL-14
8964,Gerald Connolly,Gerald,E.,Connolly,,Gerry,1,D,1,Rep,HD-VA-11
8965,Henry Cuellar,Henry,,Cuellar,,,1,D,1,Rep,HD-TX-28
8967,Diana DeGette,Diana,,DeGette,,,1,D,1,Rep,HD-CO-1
8970,Eliot Engel,Eliot,L.,Engel,,,1,D,1,Rep,HD-NY-16
8971,Anna Eshoo,Anna,G.,Eshoo,,,1,D,1,Rep,HD-CA-18
8972,Bill Foster,Bill,,Foster,,,1,D,1,Rep,HD-IL-11
8973,Gene Green,Gene,,Green,,,1,D,1,Rep,HD-TX-29
8975,Ruben Hinojosa,Ruben,,Hinojosa,,,1,D,1,Rep,HD-TX-15
8976,Henry Johnson,Henry,C.,Johnson,Jr.,Hank,1,D,1,Rep,HD-GA-4
8979,Ben Lujan,Ben,Ray,Lujan,,,1,D,1,Rep,HD-NM-3
8981,Edward Markey,Edward,J.,Markey,,,1,D,2,Sen,HD-MA-5
8983,Doris Matsui,Doris,O.,Matsui,,,1,D,1,Rep,HD-CA-6
8985,Jerry McNerney,Jerry,,McNerney,,,1,D,1,Rep,HD-CA-9
8986,Christopher  Murphy,Christopher,S.,Murphy,,,1,D,2,Sen,HD-CT-5
8987,Bill Pascrell,Bill,,Pascrell,Jr.,,1,D,1,Rep,HD-NJ-9
8988,Janice Schakowsky,Janice,D.,Schakowsky,,,1,D,1,Rep,HD-IL-9
8989,Brad Sherman,Brad,,Sherman,,,1,D,1,Rep,HD-CA-30
8994,Niki Tsongas,Niki,,Tsongas,,,1,D,1,Rep,HD-MA-3
8995,Debbie Wasserman Schultz,Debbie,,Wasserman Schultz,,,1,D,1,Rep,HD-FL-23
8997,Peter Welch,Peter,,Welch,,,1,D,1,Rep,HD-VT
9004,Tammy Baldwin,Tammy,,Baldwin,,,1,D,2,Sen,HD-WI-2
9005,Xavier Becerra,Xavier,,Becerra,,,1,D,1,Rep,HD-CA-34
9010,Earl Blumenauer,Earl,,Blumenauer,,,1,D,1,Rep,HD-OR-3
9012,Madeleine Bordallo,Madeleine,Z.,Bordallo,,,1,D,1,Rep,HD-GU
9014,Robert Brady,Robert,A.,Brady,,,1,D,1,Rep,HD-PA-1
9015,Corrine Brown,Corrine,,Brown,,,1,D,1,Rep,HD-FL-5
9016,G. Butterfield,G.,K.,Butterfield,,,1,D,1,Rep,HD-NC-1
9017,Michael Capuano,Michael,E.,Capuano,,,1,D,1,Rep,HD-MA-7
9019,Andre Carson,Andre,,Carson,,,1,D,1,Rep,HD-IN-7
9021,Yvette Clarke,Yvette,D.,Clarke,,,1,D,1,Rep,HD-NY-9
9022,Lacy Clay,Lacy,,Clay,,,1,D,1,Rep,HD-MO-1
9023,Emanuel Cleaver,Emanuel,,Cleaver,,,1,D,1,Rep,HD-MO-5
9024,James Clyburn,James,E.,Clyburn,,,1,D,1,Rep,HD-SC-6
9025,Steve Cohen,Steve,,Cohen,,,1,D,1,Rep,HD-TN-9
9026,John Conyers,John,,Conyers,Jr.,,1,D,1,Rep,HD-MI-13
9027,Jim Cooper,Jim,,Cooper,,,1,D,1,Rep,HD-TN-5
9029,Joe Courtney,Joe,,Courtney,,,1,D,1,Rep,HD-CT-2
9030,Elijah Cummings,Elijah,E.,Cummings,,,1,D,1,Rep,HD-MD-7
9032,Danny Davis,Danny,K.,Davis,,,1,D,1,Rep,HD-IL-7
9033,Susan Davis,Susan,A.,Davis,,,1,D,1,Rep,HD-CA-53
9034,Peter DeFazio,Peter,A.,DeFazio,,,1,D,1,Rep,HD-OR-4
9035,Rosa DeLauro,Rosa,L.,DeLauro,,,1,D,1,Rep,HD-CT-3
9037,Lloyd Doggett,Lloyd,,Doggett,,,1,D,1,Rep,HD-TX-35
9038,Michael Doyle,Michael,F.,Doyle,,,1,D,1,Rep,HD-PA-14
9040,Donna Edwards,Donna,F.,Edwards,,,1,D,1,Rep,HD-MD-4
9041,Keith Ellison,Keith,,Ellison,,,1,D,1,Rep,HD-MN-5
9042,Sam Farr,Sam,,Farr,,,1,D,1,Rep,HD-CA-20
9043,Chaka Fattah,Chaka,,Fattah,,,1,D,1,Rep,HD-PA-2
9045,Marcia Fudge,Marcia,L.,Fudge,,,1,D,1,Rep,HD-OH-11
9047,Kirsten Gillibrand,Kirsten,E.,Gillibrand,,,1,D,2,Sen,HD-NY-20
9049,Alan Grayson,Alan,,Grayson,,,1,D,1,Rep,HD-FL-9
9050,Al Green,Al,,Green,,,1,D,1,Rep,HD-TX-9
9051,Raul Grijalva,Raul,M.,Grijalva,,,1,D,1,Rep,HD-AZ-3
9052,Luis Gutierrez,Luis,V.,Gutierrez,,,1,D,1,Rep,HD-IL-4
9056,Alcee Hastings,Alcee,L.,Hastings,,,1,D,1,Rep,HD-FL-20
9057,Martin Heinrich,Martin,,Heinrich,,,1,D,2,Sen,HD-NM-1
9058,Brian Higgins,Brian,,Higgins,,,1,D,1,Rep,HD-NY-26
9059,James Himes,James,A.,Himes,,,1,D,1,Rep,HD-CT-4
9061,Mazie Hirono,Mazie,K.,Hirono,,,1,D,2,Sen,HD-HI-2
9064,Michael Honda,Michael,M.,Honda,,,1,D,1,Rep,HD-CA-17
9065,Steny Hoyer,Steny,H.,Hoyer,,,1,D,1,Rep,HD-MD-5
9066,Steve Israel,Steve,,Israel,,,1,D,1,Rep,HD-NY-3
9068,Sheila Jackson-Lee,Sheila,,Jackson-Lee,,,1,D,1,Rep,HD-TX-18
9069,Eddie Johnson,Eddie,Bernice,Johnson,,,1,D,1,Rep,HD-TX-30
9070,Marcy Kaptur,Marcy,,Kaptur,,,1,D,1,Rep,HD-OH-9
9073,Ron Kind,Ron,,Kind,,,1,D,1,Rep,HD-WI-3
9075,James Langevin,James,R.,Langevin,,,1,D,1,Rep,HD-RI-2
9076,Rick Larsen,Rick,,Larsen,,,1,D,1,Rep,HD-WA-2
9077,John Larson,John,B.,Larson,,,1,D,1,Rep,HD-CT-1
9078,Barbara Lee,Barbara,,Lee,,,1,D,1,Rep,HD-CA-13
9079,Sander Levin,Sander,M.,Levin,,,1,D,1,Rep,HD-MI-9
9080,John Lewis,John,,Lewis,,,1,D,1,Rep,HD-GA-5
9081,Daniel Lipinski,Daniel,,Lipinski,,,1,D,1,Rep,HD-IL-3
9082,David Loebsack,David,,Loebsack,,,1,D,1,Rep,HD-IA-2
9083,Zoe Lofgren,Zoe,,Lofgren,,,1,D,1,Rep,HD-CA-19
9084,Nita Lowey,Nita,M.,Lowey,,,1,D,1,Rep,HD-NY-17
9085,Stephen Lynch,Stephen,F.,Lynch,,,1,D,1,Rep,HD-MA-8
9086,Carolyn Maloney,Carolyn,B.,Maloney,,,1,D,1,Rep,HD-NY-12
9089,Betty McCollum,Betty,,McCollum,,,1,D,1,Rep,HD-MN-4
9090,Jim McDermott,Jim,,McDermott,,,1,D,1,Rep,HD-WA-7
9095,Gwen Moore,Gwen,,Moore,,,1,D,1,Rep,HD-WI-4
9099,Jerrold Nadler,Jerrold,,Nadler,,,1,D,1,Rep,HD-NY-10
9100,Eleanor Norton,Eleanor,Holmes,Norton,,,1,D,1,Rep,HD-DC
9107,Gary Peters,Gary,C.,Peters,,,1,D,2,Sen,HD-MI-14
9108,Pedro Pierluisi,Pedro,R.,Pierluisi,,,6,N,1,Rep,HD-PR
9109,Chellie Pingree,Chellie,,Pingree,,,1,D,1,Rep,HD-ME-1
9110,Jared Polis,Jared,,Polis,,,1,D,1,Rep,HD-CO-2
9112,David Price,David,E.,Price,,,1,D,1,Rep,HD-NC-4
9117,Lucille Roybal-Allard,Lucille,,Roybal-Allard,,,1,D,1,Rep,HD-CA-40
9118,C.A. Ruppersberger,C.A.,Dutch,Ruppersberger,,,1,D,1,Rep,HD-MD-2
9119,Bobby Rush,Bobby,L.,Rush,,,1,D,1,Rep,HD-IL-1
9120,Tim Ryan,Tim,,Ryan,,,1,D,1,Rep,HD-OH-13
9121,Linda Sanchez,Linda,T.,Sanchez,,,1,D,1,Rep,HD-CA-38
9122,Loretta Sanchez,Loretta,,Sanchez,,,1,D,1,Rep,HD-CA-46
9123,John Sarbanes,John,P.,Sarbanes,,,1,D,1,Rep,HD-MD-3
9124,Adam Schiff,Adam,B.,Schiff,,,1,D,1,Rep,HD-CA-28
9126,David Scott,David,,Scott,,,1,D,1,Rep,HD-GA-13
9127,Robert Scott,Robert,C.,Scott,,Bobby,1,D,1,Rep,HD-VA-3
9128,Jose Serrano,Jose,E.,Serrano,,,1,D,1,Rep,HD-NY-15
9131,Albio Sires,Albio,,Sires,,,1,D,1,Rep,HD-NJ-8
9133,Louise Slaughter,Louise,McIntosh,Slaughter,,,1,D,1,Rep,HD-NY-25
9134,Jackie Speier,Jackie,,Speier,,,1,D,1,Rep,HD-CA-14
9137,Bennie Thompson,Bennie,G.,Thompson,,,1,D,1,Rep,HD-MS-2
9138,Mike Thompson,Mike,,Thompson,,,1,D,1,Rep,HD-CA-5
9140,Dina Titus,Dina,,Titus,,,1,D,1,Rep,HD-NV-1
9141,Chris Van Hollen,Chris,,Van Hollen,,,1,D,1,Rep,HD-MD-8
9142,Peter Visclosky,Peter,J.,Visclosky,,,1,D,1,Rep,HD-IN-1
9143,Timothy Walz,Timothy,J.,Walz,,,1,D,1,Rep,HD-MN-1
9144,Maxine Waters,Maxine,,Waters,,,1,D,1,Rep,HD-CA-43
9150,John Yarmuth,John,A.,Yarmuth,,,1,D,1,Rep,HD-KY-3
9151,Sanford Bishop,Sanford,D.,Bishop,Jr.,,1,D,1,Rep,HD-GA-2
9154,Collin Peterson,Collin,C.,Peterson,,,1,D,1,Rep,HD-MN-7
9157,Mario Diaz-Balart,Mario,,Diaz-Balart,,,2,R,1,Rep,HD-FL-21
9160,James McGovern,James,P.,McGovern,,,1,D,1,Rep,HD-MA-2
9161,Gregory Meeks,Gregory,W.,Meeks,,,1,D,1,Rep,HD-NY-5
9162,Tim Murphy,Tim,,Murphy,,,2,R,1,Rep,HD-PA-18
9164,Ileana Ros-Lehtinen,Ileana,,Ros-Lehtinen,,,2,R,2,Sen,HD-FL-18
9165,Gregorio Sablan,Gregorio,,Sablan,,,3,I,1,Rep,HD-MP
9167,Paul Tonko,Paul,D.,Tonko,,,1,D,1,Rep,HD-NY-20
9168,Don Young,Don,,Young,,,2,R,1,Rep,HD-AK
9171,Joe Barton,Joe,,Barton,,,2,R,1,Rep,HD-TX-6
9172,Marsha Blackburn,Marsha,,Blackburn,,,2,R,1,Rep,HD-TN-7
9173,Kevin Brady,Kevin,,Brady,,,2,R,1,Rep,HD-TX-8
9175,Vern Buchanan,Vern,,Buchanan,,,2,R,1,Rep,HD-FL-16
9176,Michael Burgess,Michael,C.,Burgess,,,2,R,1,Rep,HD-TX-26
9177,Michael Conaway,K. Michael,,Conaway,,,2,R,1,Rep,HD-TX-11
9178,Ander Crenshaw,Ander,,Crenshaw,,,2,R,1,Rep,HD-FL-4
9179,John Culberson,John,Abney,Culberson,,,2,R,1,Rep,HD-TX-7
9181,John Duncan,John,J.,Duncan,Jr.,,2,R,1,Rep,HD-TN-2
9182,Kay Granger,Kay,,Granger,,,2,R,1,Rep,HD-TX-12
9185,Dean Heller,Dean,,Heller,,,2,R,2,Sen,HD-NV-2
9186,Jeb Hensarling,Jeb,,Hensarling,,,2,R,1,Rep,HD-TX-5
9188,Sam Johnson,Sam,,Johnson,,,2,R,1,Rep,HD-TX-3
9191,Kenny Marchant,Kenny,,Marchant,,,2,R,1,Rep,HD-TX-24
9192,Michael McCaul,Michael,T.,McCaul,,,2,R,1,Rep,HD-TX-10
9193,Cathy McMorris Rodgers,Cathy,,McMorris Rodgers,,,2,R,1,Rep,HD-WA-5
9194,Jeff Miller,Jeff,,Miller,,,2,R,1,Rep,HD-FL-1
9195,Randy Neugebauer,Randy,,Neugebauer,,,2,R,1,Rep,HD-TX-19
9197,Bill Posey,Bill,,Posey,,,2,R,1,Rep,HD-FL-8
9199,David Reichert,David,G.,Reichert,,,2,R,1,Rep,HD-WA-8
9200,Pete Sessions,Pete,,Sessions,,,2,R,1,Rep,HD-TX-32
9201,Adam Smith,Adam,,Smith,,,1,D,1,Rep,HD-WA-9
9202,Lamar Smith,Lamar,,Smith,,,2,R,1,Rep,HD-TX-21
9209,Gus Bilirakis,Gus,M.,Bilirakis,,,2,R,1,Rep,HD-FL-12
9210,John Boozman,John,,Boozman,,,2,R,2,Sen,HD-AR-3
9211,Ken Calvert,Ken,,Calvert,,,2,R,1,Rep,HD-CA-42
9212,Shelley Capito,Shelley,Moore,Capito,,,2,R,2,Sen,HD-WV-2
9213,Tom Cole,Tom,,Cole,,,2,R,1,Rep,HD-OK-4
9214,John Fleming,John,,Fleming,,,2,R,1,Rep,HD-LA-4
9215,Jeff Fortenberry,Jeff,,Fortenberry,,,2,R,1,Rep,HD-NE-1
9216,Robert Latta,Robert,E.,Latta,,,2,R,1,Rep,HD-OH-5
9217,Tom McClintock,Tom,,McClintock,,,2,R,1,Rep,HD-CA-4
9219,John Mica,John,L.,Mica,,,2,R,1,Rep,HD-FL-7
9220,Mike D. Rogers,Mike,D.,Rogers,,,2,R,1,Rep,HD-AL-3
9222,Michael Simpson,Michael,K.,Simpson,,,2,R,1,Rep,HD-ID-2
9225,Mike Coffman,Mike,,Coffman,,,2,R,1,Rep,HD-CO-6
9228,Duncan Hunter,Duncan,D.,Hunter,,,2,R,1,Rep,HD-CA-50
9231,Edward Royce,Edward,R.,Royce,,,2,R,1,Rep,HD-CA-39
9232,James Sensenbrenner,F. James,,Sensenbrenner,Jr.,,2,R,1,Rep,HD-WI-5
9233,Grace Napolitano,Grace,F.,Napolitano,,,1,D,1,Rep,HD-CA-32
9234,Judy Chu,Judy,,Chu,,,1,D,1,Rep,HD-CA-27
9237,Christopher Smith,Christopher,H.,Smith,,,2,R,1,Rep,HD-NJ-4
9243,Rob Bishop,Rob,,Bishop,,,2,R,1,Rep,HD-UT-1
9244,Roy Blunt,Roy,,Blunt,,,2,R,2,Sen,HD-MO-7
9247,Charles Boustany,Charles,W.,Boustany,Jr.,,2,R,1,Rep,HD-LA-3
9254,John Carter,John,R.,Carter,,,2,R,1,Rep,HD-TX-31
9255,Bill Cassidy,Bill,,Cassidy,,,2,R,2,Sen,HD-LA-6
9257,Jason Chaffetz,Jason,,Chaffetz,,,2,R,1,Rep,HD-UT-3
9261,Joseph Crowley,Joseph,,Crowley,,,1,D,1,Rep,HD-NY-14
9264,Charles Dent,Charles,W.,Dent,,,2,R,1,Rep,HD-PA-15
9265,Joe Donnelly,Joe,,Donnelly,,,1,D,2,Sen,HD-IN-2
9269,Virginia Foxx,Virginia,,Foxx,,,2,R,1,Rep,HD-NC-5
9270,Rodney Frelinghuysen,Rodney,P.,Frelinghuysen,,,2,R,1,Rep,HD-NJ-11
9271,Scott Garrett,Scott,,Garrett,,,2,R,1,Rep,HD-NJ-5
9273,Sam Graves,Sam,,Graves,,,2,R,1,Rep,HD-MO-6
9274,Brett Guthrie,Brett,,Guthrie,,,2,R,1,Rep,HD-KY-2
9279,Darrell Issa,Darrell,E.,Issa,,,2,R,1,Rep,HD-CA-49
9280,Lynn Jenkins,Lynn,,Jenkins,,,2,R,1,Rep,HD-KS-2
9282,Walter Jones,Walter,B.,Jones,Jr.,,2,R,1,Rep,HD-NC-3
9283,Peter King,Peter,T.,King,,,2,R,1,Rep,HD-NY-2
9284,Steve King,Steve,,King,,,2,R,1,Rep,HD-IA-4
9285,Ann Kirkpatrick,Ann,,Kirkpatrick,,,1,D,1,Rep,HD-AZ-1
9287,John Kline,John,,Kline,,,2,R,1,Rep,HD-MN-2
9289,Leonard Lance,Leonard,,Lance,,,2,R,1,Rep,HD-NJ-7
9293,Frank LoBiondo,Frank,A.,LoBiondo,,,2,R,1,Rep,HD-NJ-2
9294,Frank Lucas,Frank,D.,Lucas,,,2,R,1,Rep,HD-OK-3
9295,Blaine Luetkemeyer,Blaine,,Luetkemeyer,,,2,R,1,Rep,HD-MO-3
9296,Cynthia Lummis,Cynthia,M.,Lummis,,,2,R,1,Rep,HD-WY
9302,Candice Miller,Candice,S.,Miller,,,2,R,1,Rep,HD-MI-10
9305,Jerry Moran,Jerry,,Moran,,,2,R,2,Sen,HD-KS-1
9307,Richard Neal,Richard,E.,Neal,,,1,D,1,Rep,HD-MA-1
9308,Erik Paulsen,Erik,,Paulsen,,,2,R,1,Rep,HD-MN-3
9309,Ed Perlmutter,Ed,,Perlmutter,,,1,D,1,Rep,HD-CO-7
9311,Ted Poe,Ted,,Poe,,,2,R,1,Rep,HD-TX-2
9312,Mike Quigley,Mike,,Quigley,,,1,D,1,Rep,HD-IL-5
9315,David Roe,David,P.,Roe,,,2,R,1,Rep,HD-TN-1
9316,Thomas Rooney,Thomas,J.,Rooney,,,2,R,1,Rep,HD-FL-17
9320,Aaron Schock,Aaron,,Schock,,,2,R,1,Rep,HD-IL-18
9321,Kurt Schrader,Kurt,,Schrader,,,1,D,1,Rep,HD-OR-5
9322,John Shimkus,John,,Shimkus,,,2,R,1,Rep,HD-IL-15
9323,Bill Shuster,Bill,,Shuster,,,2,R,1,Rep,HD-PA-9
9324,Adrian Smith,Adrian,,Smith,,,2,R,1,Rep,HD-NE-3
9329,Glenn Thompson,Glenn,,Thompson,,,2,R,1,Rep,HD-PA-5
9330,Mac Thornberry,Mac,,Thornberry,,,2,R,1,Rep,HD-TX-13
9332,Patrick Tiberi,Patrick,J.,Tiberi,,,2,R,1,Rep,HD-OH-12
9333,Michael Turner,Michael,R.,Turner,,,2,R,1,Rep,HD-OH-10
9334,Fred Upton,Fred,,Upton,,,2,R,1,Rep,HD-MI-6
9335,Greg Walden,Greg,,Walden,,,2,R,1,Rep,HD-OR-2
9337,Joe Wilson,Joe,,Wilson,,,2,R,1,Rep,HD-SC-2
9340,Jim Costa,Jim,,Costa,,,1,D,1,Rep,HD-CA-16
9341,Louie Gohmert,Louie,,Gohmert,,,2,R,1,Rep,HD-TX-1
9343,Dana Rohrabacher,Dana,,Rohrabacher,,,2,R,1,Rep,HD-CA-48
9344,Peter Roskam,Peter,J.,Roskam,,,2,R,1,Rep,HD-IL-6
9345,Lynn Westmoreland,Lynn,A.,Westmoreland,,,2,R,1,Rep,HD-GA-3
9346,Robert Aderholt,Robert,B.,Aderholt,,,2,R,1,Rep,HD-AL-4
9351,John Boehner,John,A.,Boehner,,,2,R,1,Rep,HD-OH-8
9357,Jeff Flake,Jeff,,Flake,,,2,R,2,Sen,HD-AZ-6
9358,Randy Forbes,J. Randy,,Forbes,,,2,R,1,Rep,HD-VA-4
9359,Trent Franks,Trent,,Franks,,,2,R,1,Rep,HD-AZ-8
9360,John Garamendi,John,,Garamendi,,,1,D,1,Rep,HD-CA-3
9362,Bob Goodlatte,Bob,,Goodlatte,,,2,R,1,Rep,HD-VA-6
9363,Gregg Harper,Gregg,,Harper,,,2,R,1,Rep,HD-MS-3
9365,Jim Jordan,Jim,,Jordan,,,2,R,1,Rep,HD-OH-4
9367,Mark Kirk,Mark,Steven,Kirk,,,2,R,2,Sen,HD-IL-10
9368,Doug Lamborn,Doug,,Lamborn,,,2,R,1,Rep,HD-CO-5
9371,Kevin McCarthy,Kevin,,McCarthy,,,2,R,1,Rep,HD-CA-23
9372,Patrick McHenry,Patrick,T.,McHenry,,,2,R,1,Rep,HD-NC-10
9375,Devin Nunes,Devin,,Nunes,,,2,R,1,Rep,HD-CA-22
9376,Pete Olson,Pete,,Olson,,,2,R,1,Rep,HD-TX-22
9378,Joseph Pitts,Joseph,R.,Pitts,,,2,R,1,Rep,HD-PA-16
9379,Tom Price,Tom,,Price,,,2,R,1,Rep,HD-GA-6
9381,Harold Rogers,Harold,,Rogers,,,2,R,1,Rep,HD-KY-5
9383,Paul Ryan,Paul,D.,Ryan,,,2,R,1,Rep,HD-WI-1
9384,Steve Scalise,Steve,,Scalise,,,2,R,1,Rep,HD-LA-1
9388,Ed Whitfield,Ed,,Whitfield,,,2,R,1,Rep,HD-KY-1
9389,Robert Wittman,Robert,J.,Wittman,,,2,R,1,Rep,HD-VA-1
9394,Nancy Pelosi,Nancy,,Pelosi,,,1,D,1,Rep,HD-CA-12
9395,Theodore Deutch,Theodore,E.,Deutch,,,1,D,1,Rep,HD-FL-21
9398,Harry Reid,Harry,,Reid,,,1,D,2,Sen,SD-NV
9401,Barbara Boxer,Barbara,,Boxer,,,1,D,2,Sen,SD-CA
9402,Sherrod Brown,Sherrod,,Brown,,,1,D,2,Sen,SD-OH
9403,Robert Casey,Robert,P.,Casey,Jr.,,1,D,2,Sen,SD-PA
9405,Richard Durbin,Richard,,Durbin,,,1,D,2,Sen,SD-IL
9408,Amy Klobuchar,Amy,,Klobuchar,,,1,D,2,Sen,SD-MN
9412,Claire McCaskill,Claire,,McCaskill,,,1,D,2,Sen,SD-MO
9413,Robert Menendez,Robert,,Menendez,,,1,D,2,Sen,SD-NJ
9414,Charles Schumer,Charles,E.,Schumer,,,1,D,2,Sen,SD-NY
9415,Debbie Stabenow,Debbie,,Stabenow,,,1,D,2,Sen,SD-MI
9416,Barbara Mikulski,Barbara,A.,Mikulski,,,1,D,2,Sen,SD-MD
9417,Ron Wyden,Ron,,Wyden,,,1,D,2,Sen,SD-OR
9422,Jeanne Shaheen,Jeanne,,Shaheen,,,1,D,2,Sen,SD-NH
9423,Dianne Feinstein,Dianne,,Feinstein,,,1,D,2,Sen,SD-CA
9424,Patrick Leahy,Patrick,J.,Leahy,,,1,D,2,Sen,SD-VT
9425,Thomas Carper,Thomas,R.,Carper,,,1,D,2,Sen,SD-DE
9427,Maria Cantwell,Maria,,Cantwell,,,1,D,2,Sen,SD-WA
9428,Lamar Alexander,Lamar,,Alexander,,,2,R,2,Sen,SD-TN
9429,Bob Corker,Bob,,Corker,,,2,R,2,Sen,SD-TN
9431,Patty Murray,Patty,,Murray,,,1,D,2,Sen,SD-WA
9432,Bill Nelson,Bill,,Nelson,,,1,D,2,Sen,SD-FL
9434,Bernard Sanders,Bernard,,Sanders,,,3,I,2,Sen,SD-VT
9441,Benjamin Cardin,Benjamin,L.,Cardin,,,1,D,2,Sen,SD-MD
9443,Sheldon Whitehouse,Sheldon,,Whitehouse,,,1,D,2,Sen,SD-RI
9444,John Cornyn,John,,Cornyn,,,2,R,2,Sen,SD-TX
9445,Mike Crapo,Mike,,Crapo,,,2,R,2,Sen,SD-ID
9448,John McCain,John,,McCain,,,2,R,2,Sen,SD-AZ
9450,Johnny Isakson,Johnny,,Isakson,,,2,R,2,Sen,SD-GA
9452,Michael Enzi,Michael,B.,Enzi,,,2,R,2,Sen,SD-WY
9455,Jeff Sessions,Jeff,,Sessions,,,2,R,2,Sen,SD-AL
9456,David Vitter,David,,Vitter,,,2,R,2,Sen,SD-LA
9459,Susan Collins,Susan,M.,Collins,,,2,R,2,Sen,SD-ME
9460,Jack Reed,Jack,,Reed,,,1,D,2,Sen,SD-RI
9463,Michael Bennet,Michael,F.,Bennet,,,1,D,2,Sen,SD-CO
9469,Jeff Merkley,Jeff,,Merkley,,,1,D,2,Sen,SD-OR
9471,Jon Tester,Jon,,Tester,,,1,D,2,Sen,SD-MT
9472,Tom Udall,Tom,,Udall,,,1,D,2,Sen,SD-NM
9473,Mark Warner,Mark,R.,Warner,,,1,D,2,Sen,SD-VA
9476,Al Franken,Al,,Franken,,,1,D,2,Sen,SD-MN
9478,James Inhofe,James,M.,Inhofe,,,2,R,2,Sen,SD-OK
9482,Pat Roberts,Pat,,Roberts,,,2,R,2,Sen,SD-KS
9483,John Barrasso,John,,Barrasso,,,2,R,2,Sen,SD-WY
9484,Chuck Grassley,Chuck,,Grassley,,,2,R,2,Sen,SD-IA
9486,Richard Burr,Richard,,Burr,,,2,R,2,Sen,SD-NC
9487,Thad Cochran,Thad,,Cochran,,,2,R,2,Sen,SD-MS
9488,Lindsey Graham,Lindsey,,Graham,,,2,R,2,Sen,SD-SC
9489,Orrin Hatch,Orrin,G.,Hatch,,,2,R,2,Sen,SD-UT
9491,Lisa Murkowski,Lisa,,Murkowski,,,2,R,2,Sen,SD-AK
9492,John Thune,John,,Thune,,,2,R,2,Sen,SD-SD
9493,Roger Wicker,Roger,F.,Wicker,,,2,R,2,Sen,SD-MS
9496,James Risch,James,E.,Risch,,,2,R,2,Sen,SD-ID
9497,Mitch McConnell,Mitch,,McConnell,,,2,R,2,Sen,SD-KY
9500,Richard Shelby,Richard,C.,Shelby,,,2,R,2,Sen,SD-AL
9549,Tom Graves,Tom,,Graves,,,2,R,1,Rep,HD-GA-14
9624,Christopher Coons,Christopher,A.,Coons,,,1,D,2,Sen,SD-DE
9625,Joe Manchin,Joe,,Manchin,III,,1,D,2,Sen,SD-WV
9630,Tom Reed,Tom,,Reed,,,2,R,1,Rep,HD-NY-23
11040,Diane Black,Diane,,Black,,,2,R,1,Rep,HD-TN-6
11041,Mo Brooks,Mo,,Brooks,,,2,R,1,Rep,HD-AL-5
11042,Larry Bucshon,Larry,,Bucshon,,,2,R,1,Rep,HD-IN-8
11045,Steve Chabot,Steve,,Chabot,,,2,R,1,Rep,HD-OH-1
11047,Eric Crawford,Eric,A.,Crawford,,Rick,2,R,1,Rep,HD-AR-1
11048,Sean Duffy,Sean,P.,Duffy,,,2,R,1,Rep,HD-WI-7
11049,Jeff Duncan,Jeff,,Duncan,,,2,R,1,Rep,HD-SC-3
11050,Renee Ellmers,Renee,L.,Ellmers,,,2,R,1,Rep,HD-NC-2
11051,Bill Flores,Bill,,Flores,,,2,R,1,Rep,HD-TX-17
11052,Cory Gardner,Cory,,Gardner,,,2,R,2,Sen,HD-CO-4
11053,Bob Gibbs,Bob,,Gibbs,,,2,R,1,Rep,HD-OH-7
11054,Paul Gosar,Paul,A.,Gosar,,,2,R,1,Rep,HD-AZ-4
11055,Trey Gowdy,Trey,,Gowdy,,,2,R,1,Rep,HD-SC-4
11056,Vicky Hartzler,Vicky,,Hartzler,,,2,R,1,Rep,HD-MO-4
11057,Tim Huelskamp,Tim,,Huelskamp,,,2,R,1,Rep,HD-KS-1
11058,Bill Huizenga,Bill,,Huizenga,,,2,R,1,Rep,HD-MI-2
11059,Bill Johnson,Bill,,Johnson,,,2,R,1,Rep,HD-OH-6
11060,Adam Kinzinger,Adam,,Kinzinger,,,2,R,1,Rep,HD-IL-16
11061,James Lankford,James,,Lankford,,,2,R,2,Sen,HD-OK-5
11062,Billy Long,Billy,,Long,,,2,R,1,Rep,HD-MO-7
11063,David McKinley,David,B.,McKinley,,,2,R,1,Rep,HD-WV-1
11064,Mick Mulvaney,Mick,,Mulvaney,,,2,R,1,Rep,HD-SC-5
11065,Alan Nunnelee,Alan,,Nunnelee,,,2,R,1,Rep,HD-MS-1
11066,Stevan Pearce,Stevan,,Pearce,,,2,R,1,Rep,HD-NM-2
11067,Mike Pompeo,Mike,,Pompeo,,,2,R,1,Rep,HD-KS-4
11069,James Renacci,James,B.,Renacci,,,2,R,1,Rep,HD-OH-16
11070,Reid Ribble,Reid,J.,Ribble,,,2,R,1,Rep,HD-WI-8
11071,Scott Rigell,E. Scott,,Rigell,,,2,R,1,Rep,HD-VA-2
11072,Todd Rokita,Todd,,Rokita,,,2,R,1,Rep,HD-IN-4
11073,Dennis Ross,Dennis,,Ross,,,2,R,1,Rep,HD-FL-15
11074,Tim Scott,Tim,,Scott,,,2,R,2,Sen,HD-SC-1
11076,Marlin Stutzman,Marlin,A.,Stutzman,,,2,R,1,Rep,HD-IN-3
11077,Tim Walberg,Tim,,Walberg,,,2,R,1,Rep,HD-MI-7
11080,Todd Young,Todd,C.,Young,,,2,R,1,Rep,HD-IN-9
11099,Steve Womack,Steve,,Womack,,,2,R,1,Rep,HD-AR-3
11100,Rob Woodall,Rob,,Woodall,,,2,R,1,Rep,HD-GA-7
11120,Lou Barletta,Lou,,Barletta,,,2,R,1,Rep,HD-PA-11
11122,Dan Benishek,Dan,,Benishek,,,2,R,1,Rep,HD-MI-1
11123,Jeff Denham,Jeff,,Denham,,,2,R,1,Rep,HD-CA-10
11124,Scott DesJarlais,Scott,,DesJarlais,,,2,R,1,Rep,HD-TN-4
11126,Robert Dold,Robert,J.,Dold,,,2,R,1,Rep,HD-IL-10
11127,Blake Farenthold,Blake,,Farenthold,,,2,R,1,Rep,HD-TX-27
11128,Michael Fitzpatrick,Michael,G.,Fitzpatrick,,,2,R,1,Rep,HD-PA-8
11129,Charles Fleischmann,Charles,J.,Fleischmann,,Chuck,2,R,1,Rep,HD-TN-3
11130,Christopher Gibson,Christopher,P.,Gibson,,,2,R,1,Rep,HD-NY-19
11132,Morgan Griffith,H. Morgan,,Griffith,,,2,R,1,Rep,HD-VA-9
11133,Richard Hanna,Richard,L.,Hanna,,,2,R,1,Rep,HD-NY-22
11135,Jaime Herrera Beutler,Jaime,,Herrera Beutler,,,2,R,1,Rep,HD-WA-3
11136,Randy Hultgren,Randy,,Hultgren,,,2,R,1,Rep,HD-IL-14
11137,Mike Kelly,Mike,,Kelly,,,2,R,1,Rep,HD-PA-3
11138,Raul Labrador,Raul,R.,Labrador,,,2,R,1,Rep,HD-ID-1
11139,Tom Marino,Tom,,Marino,,,2,R,1,Rep,HD-PA-10
11140,Patrick Meehan,Patrick,,Meehan,,,2,R,1,Rep,HD-PA-7
11141,Richard Nugent,Richard,,Nugent,,,2,R,1,Rep,HD-FL-11
11143,Steve Stivers,Steve,,Stivers,,,2,R,1,Rep,HD-OH-15
11144,Scott Tipton,Scott,,Tipton,,,2,R,1,Rep,HD-CO-3
11145,Daniel Webster,Daniel,,Webster,,,2,R,1,Rep,HD-FL-10
11146,Kevin Yoder,Kevin,,Yoder,,,2,R,1,Rep,HD-KS-3
11159,Robert Hurt,Robert,,Hurt,,,2,R,1,Rep,HD-VA-5
11163,Martha Roby,Martha,,Roby,,,2,R,1,Rep,HD-AL-2
11164,Austin Scott,Austin,,Scott,,,2,R,1,Rep,HD-GA-8
11199,Richard Blumenthal,Richard,,Blumenthal,,,1,D,2,Sen,SD-CT
11200,Frederica Wilson,Frederica,S.,Wilson,,,1,D,1,Rep,HD-FL-24
11201,Terri Sewell,Terri,A.,Sewell,,,1,D,1,Rep,HD-AL-7
11271,Cedric Richmond,Cedric,L.,Richmond,,,1,D,1,Rep,HD-LA-2
11302,Karen Bass,Karen,,Bass,,,1,D,1,Rep,HD-CA-37
11605,Andy Harris,Andy,,Harris,,,2,R,1,Rep,HD-MD-1
11606,David Schweikert,David,,Schweikert,,,2,R,1,Rep,HD-AZ-6
11799,Justin Amash,Justin,,Amash,,,2,R,1,Rep,HD-MI-3
11801,Stephen Fincher,Stephen,Lee,Fincher,,,2,R,1,Rep,HD-TN-8
11802,Frank Guinta,Frank,C.,Guinta,,,2,R,1,Rep,HD-NH-1
11803,Kristi Noem,Kristi,L.,Noem,,,2,R,1,Rep,HD-SD
11804,Steven Palazzo,Steven,M.,Palazzo,,,2,R,1,Rep,HD-MS-4
11806,Joseph Heck,Joseph,J.,Heck,,,2,R,1,Rep,HD-NV-3
11807,David Cicilline,David,N.,Cicilline,,,1,D,1,Rep,HD-RI-1
11867,William Keating,William,R.,Keating,,,1,D,1,Rep,HD-MA-9
11893,Rand Paul,Rand,,Paul,,,2,R,2,Sen,SD-KY
11905,Pat Toomey,Pat,,Toomey,,,2,R,2,Sen,SD-PA
11907,Ron Johnson,Ron,,Johnson,,,2,R,2,Sen,SD-WI
11909,Mike Lee,Mike,,Lee,,,2,R,2,Sen,SD-UT
11910,Marco Rubio,Marco,,Rubio,,,2,R,2,Sen,SD-FL
11966,Rob Portman,Rob,,Portman,,,2,R,2,Sen,SD-OH
11967,Daniel Coats,Daniel,,Coats,,,2,R,2,Sen,SD-IN
11969,Kelly Ayotte,Kelly,,Ayotte,,,2,R,2,Sen,SD-NH
11971,John Hoeven,John,,Hoeven,,,2,R,2,Sen,SD-ND
12191,John Carney,John,,Carney,,,1,D,1,Rep,HD-DE
13187,Janice Hahn,Janice,,Hahn,,,1,D,1,Rep,HD-CA-44
13318,Mark Amodei,Mark,E.,Amodei,,,2,R,1,Rep,HD-NV-2
13869,Suzanne Bonamici,Suzanne,,Bonamici,,,1,D,1,Rep,HD-OR-1
14026,Thomas Massie,Thomas,,Massie,,,2,R,1,Rep,HD-KY-4
14071,Donald Payne,Donald,,Payne,Jr.,,1,D,1,Rep,HD-NJ-10
14081,Brian Schatz,Brian,,Schatz,,,1,D,2,Sen,SD-HI
14082,Joyce Beatty,Joyce,,Beatty,,,1,D,1,Rep,HD-OH-3
14083,Doug Collins,Doug,,Collins,,,2,R,1,Rep,HD-GA-9
14084,Richard Hudson,Richard,,Hudson,,,2,R,1,Rep,HD-NC-8
14085,Grace Meng,Grace,,Meng,,,1,D,1,Rep,HD-NY-6
14086,Richard Nolan,Richard,M.,Nolan,,,1,D,1,Rep,HD-MN-8
14090,Suzan DelBene,Suzan,,DelBene,,,1,D,1,Rep,HD-WA-1
14135,Chris Collins,Chris,,Collins,,,2,R,1,Rep,HD-NY-27
14136,Elizabeth Esty,Elizabeth,H.,Esty,,,1,D,1,Rep,HD-CT-5
14137,Hakeem Jeffries,Hakeem,S.,Jeffries,,,1,D,1,Rep,HD-NY-8
14138,Sean Maloney,Sean,Patrick,Maloney,,,1,D,1,Rep,HD-NY-18
14672,Jack Evans,Jack,,Evans,,,1,D,2,Sen,
14676,Mary Cheh,Mary,M.,Cheh,,,1,D,2,Sen,
14679,Phil Mendelson,Phil,,Mendelson,,,1,D,2,Sen,
14682,Yvette Alexander,Yvette,,Alexander,,,1,D,2,Sen,
14683,Kenyon McDuffie,Kenyon,,McDuffie,,,1,D,2,Sen,
14882,Julia Brownley,Julia,,Brownley,,,1,D,1,Rep,HD-CA-26
14884,Matthew Cartwright,Matthew,A.,Cartwright,,,1,D,1,Rep,HD-PA-17
14886,Paul Cook,Paul,,Cook,,,2,R,1,Rep,HD-CA-8
14887,Tom Cotton,Tom,,Cotton,,,2,R,2,Sen,HD-AR-4
14888,Kevin Cramer,Kevin,,Cramer,,,2,R,1,Rep,HD-ND
14889,Steve Daines,Steve,,Daines,,,2,R,2,Sen,SD-MT
14891,Ron DeSantis,Ron,,DeSantis,,,2,R,1,Rep,HD-FL-6
14893,Lois Frankel,Lois,,Frankel,,,1,D,1,Rep,HD-FL-22
14897,George Holding,George,,Holding,,,2,R,1,Rep,HD-NC-13
14898,Jared Huffman,Jared,,Huffman,,,1,D,1,Rep,HD-CA-2
14900,Alan Lowenthal,Alan,S.,Lowenthal,,,1,D,1,Rep,HD-CA-47
14902,Mark Meadows,Mark,,Meadows,,,2,R,1,Rep,HD-NC-11
14903,Markwayne Mullin,Markwayne,,Mullin,,,2,R,1,Rep,HD-OK-2
14905,Beto O'Rourke,Beto,,O'Rourke,,,1,D,1,Rep,HD-TX-16
14906,Scott Perry,Scott,,Perry,,,2,R,1,Rep,HD-PA-4
14907,Robert Pittenger,Robert,,Pittenger,,,2,R,1,Rep,HD-NC-9
14909,Tom Rice,Tom,,Rice,,,2,R,1,Rep,HD-SC-7
14912,Keith Rothfus,Keith,J.,Rothfus,,,2,R,1,Rep,HD-PA-12
14915,Matt Salmon,Matt,,Salmon,,,2,R,1,Rep,HD-AZ-5
14918,Chris Stewart,Chris,,Stewart,,,2,R,1,Rep,HD-UT-2
14920,Juan Vargas,Juan,,Vargas,,,1,D,1,Rep,HD-CA-51
14921,Jackie Walorski,Jackie,,Walorski,,,2,R,1,Rep,HD-IN-2
14922,Randy Weber,Randy,K.,Weber,Sr.,,2,R,1,Rep,HD-TX-14
14923,Brad Wenstrup,Brad,R.,Wenstrup,,,2,R,1,Rep,HD-OH-2
14924,Roger Williams,Roger,,Williams,,,2,R,1,Rep,HD-TX-25
14925,Ted Yoho,Ted,S.,Yoho,,,2,R,1,Rep,HD-FL-3
15051,Garland Barr,Garland,,Barr,,Andy,2,R,1,Rep,HD-KY-6
15053,Tammy Duckworth,Tammy,,Duckworth,,,1,D,1,Rep,HD-IL-8
15054,Tulsi Gabbard,Tulsi,,Gabbard,,,1,D,1,Rep,HD-HI-2
15204,Daniel Kildee,Daniel,T.,Kildee,,,1,D,1,Rep,HD-MI-5
15205,Ami Bera,Ami,,Bera,,,1,D,1,Rep,HD-CA-7
15206,Rodney Davis,Rodney,,Davis,,,2,R,1,Rep,HD-IL-13
15207,John Delaney,John,K.,Delaney,,,1,D,1,Rep,HD-MD-6
15212,Jim Bridenstine,Jim,,Bridenstine,,,2,R,1,Rep,HD-OK-1
15213,Susan Brooks,Susan,,Brooks,,,2,R,1,Rep,HD-IN-5
15214,Cheri Bustos,Cheri,,Bustos,,,1,D,1,Rep,HD-IL-17
15216,Joaquin Castro,Joaquin,,Castro,,,1,D,1,Rep,HD-TX-20
15217,Tony Cardenas,Tony,,Cardenas,,,1,D,1,Rep,HD-CA-29
15223,Denny Heck,Denny,,Heck,,,1,D,1,Rep,HD-WA-10
15224,David Joyce,David,,Joyce,,,2,R,1,Rep,HD-OH-14
15225,Joseph Kennedy,Joseph,,Kennedy,,,1,D,1,Rep,HD-MA-4
15226,Derek Kilmer,Derek,,Kilmer,,,1,D,1,Rep,HD-WA-6
15227,Ann Kuster,Ann,M.,Kuster,,,1,D,1,Rep,HD-NH-2
15228,Doug LaMalfa,Doug,,LaMalfa,,,2,R,1,Rep,HD-CA-1
15229,Michelle Lujan Grisham,Michelle,,Lujan Grisham,,,1,D,1,Rep,HD-NM-1
15230,Luke Messer,Luke,,Messer,,,2,R,1,Rep,HD-IN-6
15231,Patrick Murphy,Patrick,,Murphy,,,1,D,1,Rep,HD-FL-18
15234,Mark Pocan,Mark,,Pocan,,,1,D,1,Rep,HD-WI-2
15235,Scott Peters,Scott,H.,Peters,,,1,D,1,Rep,HD-CA-52
15236,Raul Ruiz,Raul,,Ruiz,,,1,D,1,Rep,HD-CA-36
15237,Krysten Sinema,Krysten,,Sinema,,,1,D,1,Rep,HD-AZ-9
15238,Eric Swalwell,Eric,,Swalwell,,,1,D,1,Rep,HD-CA-15
15239,Mark Takano,Mark,,Takano,,,1,D,1,Rep,HD-CA-41
15240,David Valadao,David,G.,Valadao,,,2,R,1,Rep,HD-CA-21
15241,Marc Veasey,Marc,A.,Veasey,,,1,D,1,Rep,HD-TX-33
15242,Filemon Vela,Filemon,,Vela,,,1,D,1,Rep,HD-TX-34
15243,Ann Wagner,Ann,,Wagner,,,2,R,1,Rep,HD-MO-2
15313,Ted Cruz,Ted,,Cruz,,,2,R,2,Sen,SD-TX
15315,Deb Fischer,Deb,,Fischer,,,2,R,2,Sen,SD-NE
15318,Heidi Heitkamp,Heidi,,Heitkamp,,,1,D,2,Sen,SD-ND
15348,Angus King,Angus,S.,King,Jr.,,3,I,2,Sen,SD-ME
15350,Elizabeth Warren,Elizabeth,,Warren,,,1,D,2,Sen,SD-MA
15418,Tim Kaine,Tim,,Kaine,,,1,D,2,Sen,SD-VA
15940,Anita Bonds,Anita,,Bonds,,,1,D,2,Sen,
15941,David Grosso,David,,Grosso,,,1,D,2,Sen,
16022,Robin Kelly,Robin,,Kelly,,,1,D,1,Rep,HD-IL-2
16031,Mark Sanford,Mark,,Sanford,,,2,R,1,Rep,HD-SC-1
16037,Jason Smith,Jason,T.,Smith,,,2,R,1,Rep,HD-MO-8
16055,Cory Booker,Cory,A.,Booker,,,1,D,2,Sen,SD-NJ
16065,Katherine Clark,Katherine,M.,Clark,,,1,D,1,Rep,HD-MA-5
16101,Bradley Byrne,Bradley,,Byrne,,,2,R,1,Rep,HD-AL-1
16236,David Jolly,David,W.,Jolly,,,2,R,1,Rep,HD-FL-13
16257,Curt Clawson,Curt,,Clawson,,,2,R,1,Rep,HD-FL-19
16269,Donald Norcross,Donald,,Norcross,,,1,D,1,Rep,HD-NJ-1
16270,Dave Brat,Dave,,Brat,,,2,R,1,Rep,HD-VA-7
16271,Alma Adams,Alma,S.,Adams,,,1,D,1,Rep,HD-NC-12
16440,Elissa Silverman,Elissa,,Silverman,,,3,I,2,Sen,
16441,Charles Allen,Charles,,Allen,,,1,D,2,Sen,
16442,Brianne Nadeau,Brianne,,Nadeau,,,1,D,2,Sen,
16447,Rick Allen,Rick,W.,Allen,,,2,R,1,Rep,HD-GA-12
16448,Brad Ashford,Brad,,Ashford,,,1,D,1,Rep,HD-NE-2
16449,Brian Babin,Brian,,Babin,,,2,R,1,Rep,HD-TX-36
16450,Mike Bishop,Mike,,Bishop,,,2,R,1,Rep,HD-MI-8
16451,Rod Blum,Rod,,Blum,,,2,R,1,Rep,HD-IA-1
16452,Mike Bost,Mike,,Bost,,,2,R,1,Rep,HD-IL-12
16453,Ken Buck,Ken,,Buck,,,2,R,1,Rep,HD-CO-4
16454,Earl Carter,Earl,L.,Carter,,Buddy,2,R,1,Rep,HD-GA-1
16455,Barbara Comstock,Barbara,,Comstock,,,2,R,1,Rep,HD-VA-10
16456,Ryan Costello,Ryan,A.,Costello,,,2,R,1,Rep,HD-PA-6
16457,Carlos Curbelo,Carlos,,Curbelo,,,2,R,1,Rep,HD-FL-26
16458,Tom Emmer,Tom,,Emmer,,,2,R,1,Rep,HD-MN-6
16459,Gwen Graham,Gwen,,Graham,,,1,D,1,Rep,HD-FL-2
16460,Glenn Grothman,Glenn,,Grothman,,,2,R,1,Rep,HD-WI-6
16461,Cresent Hardy,Cresent,,Hardy,,,2,R,1,Rep,HD-NV-4
16462,Jody Hice,Jody,B.,Hice,,,2,R,1,Rep,HD-GA-10
16463,French Hill,French,,Hill,,,2,R,1,Rep,HD-AR-2
16464,Will Hurd,Will,,Hurd,,,2,R,1,Rep,HD-TX-23
16465,Evan Jenkins,Evan,H.,Jenkins,,,2,R,1,Rep,HD-WV-3
16466,John Katko,John,,Katko,,,2,R,1,Rep,HD-NY-24
16467,Stephen Knight,Stephen,,Knight,,,2,R,1,Rep,HD-CA-25
16468,Barry Loudermilk,Barry,,Loudermilk,,,2,R,1,Rep,HD-GA-11
16469,Mia Love,Mia,B.,Love,,,2,R,1,Rep,HD-UT-4
16470,Thomas MacArthur,Thomas,,MacArthur,,,2,R,1,Rep,HD-NJ-3
16471,John Moolenaar,John,R.,Moolenaar,,,2,R,1,Rep,HD-MI-4
16472,Alexander Mooney,Alexander,,Mooney,,,2,R,1,Rep,HD-WV-2
16473,Dan Newhouse,Dan,,Newhouse,,,2,R,1,Rep,HD-WA-4
16474,Bruce Poliquin,Bruce,,Poliquin,,,2,R,1,Rep,HD-ME-2
16475,John Ratcliffe,John,,Ratcliffe,,,2,R,1,Rep,HD-TX-4
16476,David Rouzer,David,,Rouzer,,,2,R,1,Rep,HD-NC-7
16477,Elise Stefanik,Elise,,Stefanik,,,2,R,1,Rep,HD-NY-21
16478,David Trott,David,,Trott,,,2,R,1,Rep,HD-MI-11
16479,Mimi Walters,Mimi,,Walters,,,2,R,1,Rep,HD-CA-45
16480,Bruce Westerman,Bruce,,Westerman,,,2,R,1,Rep,HD-AR-4
16481,David Young,David,,Young,,,2,R,1,Rep,HD-IA-3
16482,Lee Zeldin,Lee,,Zeldin,,,2,R,1,Rep,HD-NY-1
16483,Ryan Zinke,Ryan,,Zinke,,,2,R,1,Rep,HD-MT
16485,Bonnie Coleman,Bonnie,,Coleman,,,1,D,1,Rep,HD-NJ-12
16487,Brendan Boyle,Brendan,F.,Boyle,,,1,D,1,Rep,HD-PA-13
16488,Don Beyer,Don,S.,Beyer,Jr.,,1,D,1,Rep,HD-VA-8
16490,Gary Palmer,Gary,J.,Palmer,,,2,R,1,Rep,HD-AL-6
16491,Kathleen Rice,Kathleen,M.,Rice,,,1,D,1,Rep,HD-NY-4
16492,Mark DeSaulnier,Mark,,DeSaulnier,,,1,D,1,Rep,HD-CA-11
16493,Mark Takai,Mark,,Takai,,,1,D,1,Rep,HD-HI-1
16494,Mark Walker,Mark,,Walker,,,2,R,1,Rep,HD-NC-6
16495,Norma Torres,Norma,J.,Torres,,,1,D,1,Rep,HD-CA-35
16496,Pete Aguilar,Pete,,Aguilar,,,1,D,1,Rep,HD-CA-31
16497,Ruben Gallego,Ruben,,Gallego,,,1,D,1,Rep,HD-AZ-7
16498,Seth Moulton,Seth,,Moulton,,,1,D,1,Rep,HD-MA-6
16499,Steve Russell,Steve,,Russell,,,2,R,1,Rep,HD-OK-5
16500,Ted Lieu,Ted,,Lieu,,,1,D,1,Rep,HD-CA-33
16501,Ralph Abraham,Ralph,Lee,Abraham,,,1,D,1,Rep,HD-LA-5
16502,Debbie Dingell,Debbie,,Dingell,,,1,D,1,Rep,HD-MI-12
16503,Garret Graves,Garret,,Graves,,,1,D,1,Rep,HD-LA-6
16504,Brenda Lawrence,Brenda,L.,Lawrence,,,1,D,1,Rep,HD-MI-14
16505,Martha McSally,Martha,,McSally,,,1,D,1,Rep,HD-AZ-2
16519,Joni Ernst,Joni,,Ernst,,,2,R,2,Sen,SD-IA
16520,David Perdue,David,,Perdue,,,2,R,2,Sen,SD-GA
16521,Mike Rounds,Mike,,Rounds,,,2,R,2,Sen,SD-SD
16522,Ben Sasse,Ben,,Sasse,,,2,R,2,Sen,SD-NE
16523,Dan Sullivan,Dan,,Sullivan,,,2,R,2,Sen,SD-AK
16524,Thom Tillis,Thom,,Tillis,,,2,R,2,Sen,SD-NC
16824,Stacey Plaskett,Stacey,E.,Plaskett,,,1,D,1,Rep,HD-VI
17510,Amata Radewagen,Amata,Coleman,Radewagen,,,1,D,1,Rep,HD-AS
17698,Daniel Donovan,Daniel,M.,Donovan,Jr.,,0,,1,Rep,
17704,Trent Kelly,Trent,,Kelly,,,2,R,1,Rep,HD-MS-1
17717,Darin LaHood,Darin,,LaHood,,,2,R,1,Rep,HD-IL-18
17742,Brandon Todd,Brandon,,Todd,,,1,D,2,Sen,
17743,LaRuby May,LaRuby,,May,,,1,D,2,Sen,
17958,Warren Davidson,Warren,,Davidson,,,2,R,1,Rep,HD-OH-8
17972,Robert White,Robert,,White,,,1,D,2,Sen,
