sponsor_id,name,first_name,middle_name,last_name,suffix,nickname,party_id,party,role_id,role,district
5473,"Mary Fritz",Mary,G.,Fritz,,,1,D,1,Rep,HD-090
5629,"Finance, Revenue and Bonding Committee",,,,,,0,,3,Jnt,
5631,"Martin Looney",Martin,M.,Looney,,,1,D,2,Sen,SD-011
5635,"Eric Coleman",Eric,D.,Coleman,,,1,D,2,Sen,SD-002
5636,"Joseph Crisco",Joseph,J.,Crisco,Jr.,,1,D,2,Sen,SD-017
5638,"Paul Doyle",Paul,R.,Doyle,,,1,D,2,Sen,SD-009
5639,"John Fonfara",John,W.,Fonfara,,,1,D,2,Sen,SD-001
5641,"Edwin Gomes",Edwin,A.,Gomes,,,1,D,2,Sen,SD-023
5649,"Claire Janowski",Claire,L.,Janowski,,,1,D,1,Rep,HD-056
5650,"Susan Johnson",Susan,M.,Johnson,,,1,D,1,Rep,HD-049
5652,"Christopher Perone",Christopher,,Perone,,Chris,1,D,1,Rep,HD-137
5659,"Bruce Morris",Bruce,V.,Morris,,,1,D,1,Rep,HD-140
5660,"Peggy Sayers",Peggy,,Sayers,,,1,D,1,Rep,HD-060
5662,"Mary Mushinsky",Mary,M.,Mushinsky,,,1,D,1,Rep,HD-085
5664,"Toni Walker",Toni,E.,Walker,,,1,D,1,Rep,HD-093
5665,"David Baram",David,A.,Baram,,,1,D,1,Rep,HD-015
5667,"Juan Candelaria",Juan,R.,Candelaria,,,1,D,1,Rep,HD-095
5669,"Michael McLachlan",Michael,A.,McLachlan,,,2,R,2,Sen,SD-024
5670,"Antonietta Boucher",Antonietta,,Boucher,,Toni,2,R,2,Sen,SD-026
5671,"Insurance and Real Estate Committee",,,,,,0,,3,Jnt,
5672,"Lonnie Reed",Lonnie,,Reed,,,1,D,1,Rep,HD-102
5676,"Roberta Willis",Roberta,B.,Willis,,,1,D,1,Rep,HD-064
5683,"Larry Butler",Larry,B.,Butler,,,1,D,1,Rep,HD-072
5686,"Robert Duff",Robert,B.,Duff,,Bob,1,D,2,Sen,SD-025
5688,"Leonard Fasano",Leonard,A.,Fasano,Jr.,,2,R,2,Sen,SD-034
5689,"Higher Education and Employment Advancement Committee",,,,,,0,,3,Jnt,
5690,"Robert Kane",Robert,J.,Kane,,,2,R,2,Sen,SD-032
5692,"Linda Gentile",Linda,M.,Gentile,,,1,D,1,Rep,HD-104
5693,"Ezequiel Santiago",Ezequiel,,Santiago,,,1,D,1,Rep,HD-130
5694,"Russell Morin",Russell,A.,Morin,,,1,D,1,Rep,HD-028
5697,"Elizabeth Boukus",Elizabeth,A.,Boukus,,Betty,1,D,1,Rep,HD-022
5699,"Catherine Abercrombie",Catherine,F.,Abercrombie,,,1,D,1,Rep,HD-083
5700,"John Hennessy",John,F.,Hennessy,,Jack,1,D,1,Rep,HD-127
5703,"Carlo Leone",Carlo,L.,Leone,,,1,D,2,Sen,SD-027
5704,"Terrie Wood",Terrie,E.,Wood,,,2,R,1,Rep,HD-141
5705,"Ernest Hewett",Ernest,,Hewett,,,1,D,1,Rep,HD-039
5706,"Joseph Serra",Joseph,C.,Serra,,,1,D,1,Rep,HD-033
5708,"Louis Esposito",Louis,P.,Esposito,Jr.,,1,D,1,Rep,HD-116
5711,"Matthew Lesser",Matthew,,Lesser,,,1,D,1,Rep,HD-100
5712,"Joseph Aresimowicz",Joseph,,Aresimowicz,,Joe,1,D,1,Rep,HD-030
5715,"Labor and Public Employees Committee",,,,,,0,,3,Jnt,
5716,"Robert Megna",Robert,W.,Megna,,,1,D,1,Rep,HD-097
5717,"Timothy Larson",Timothy,D.,Larson,,,1,D,2,Sen,SD-003
5718,"Kevin Witkos",Kevin,D.,Witkos,,,2,R,2,Sen,SD-008
5720,"William Aman",William,E.,Aman,,Bill,2,R,1,Rep,HD-014
5721,"Patricia Miller",Patricia,Billie,Miller,,,1,D,1,Rep,HD-145
5722,"Human Services Committee",,,,,,0,,3,Jnt,
5723,"John Kissel",John,A.,Kissel,,,2,R,2,Sen,SD-007
5724,"Emil Altobello",Emil,A.,Altobello,,Buddy,1,D,1,Rep,HD-082
5725,"Theresa Conroy",Theresa,W.,Conroy,,,1,D,1,Rep,HD-105
5726,"Jason Perillo",Jason,D.,Perillo,,,2,R,1,Rep,HD-113
5728,"Kevin Ryan",Kevin,,Ryan,,,1,D,1,Rep,HD-139
5729,"Commerce Committee",,,,,,0,,3,Jnt,
5731,"Environment Committee",,,,,,0,,3,Jnt,
5734,"General Law Committee",,,,,,0,,3,Jnt,
5735,"Frank Nicastro",Frank,N.,Nicastro,Sr.,,1,D,1,Rep,HD-079
5736,"Michelle Cook",Michelle,L.,Cook,,,1,D,1,Rep,HD-065
5741,"Public Safety and Security Committee",,,,,,0,,3,Jnt,
5742,"Stephen Dargan",Stephen,D.,Dargan,,,1,D,1,Rep,HD-115
5743,"Linda Orange",Linda,A.,Orange,,,1,D,1,Rep,HD-048
5744,"Edwin Jutila",Edwin,J.,Jutila,,Ed,1,D,1,Rep,HD-037
5745,"Anthony Guglielmo",Anthony,,Guglielmo,,Tony,2,R,2,Sen,SD-035
5746,"Anthony D'Amelio",Anthony,J.,D'Amelio,,,2,R,1,Rep,HD-071
5747,"David Labriola",David,K.,Labriola,,,2,R,1,Rep,HD-131
5748,"Diana Urban",Diana,S.,Urban,,,1,D,1,Rep,HD-043
5749,"Leroy Frantz",Leroy,Scott,Frantz,,,2,R,2,Sen,SD-036
5750,"Jason Rojas",Jason,,Rojas,,,1,D,1,Rep,HD-009
5752,"Selim Noujaim",Selim,G.,Noujaim,,,2,R,1,Rep,HD-074
5753,"Energy and Technology Committee",,,,,,0,,3,Jnt,
5756,"Olivia Floren",Olivia,R.,Floren,,Livvy,2,R,1,Rep,HD-149
5759,"Planning and Development Committee",,,,,,0,,3,Jnt,
5760,"Program Review and Investigations Committee",,,,,,0,,3,Jnt,
5762,"John Frey",John,H.,Frey,,,2,R,1,Rep,HD-111
5763,"Rosa Rebimbas",Rosa,C.,Rebimbas,,,2,R,1,Rep,HD-070
5766,"Jeffrey Berger",Jeffrey,J.,Berger,,,1,D,1,Rep,HD-073
5767,"Bob Godfrey",Bob,,Godfrey,,,1,D,1,Rep,HD-110
5768,"Judiciary Committee",,,,,,0,,3,Jnt,
5769,"Public Health Committee",,,,,,0,,3,Jnt,
5770,"Henry Genga",Henry,J.,Genga,,,1,D,1,Rep,HD-010
5771,"Elizabeth Bye",Elizabeth,Ann,Bye,,Beth,1,D,2,Sen,SD-005
5773,"Fred Camillo",Fred,,Camillo,,,2,R,1,Rep,HD-151
5774,"Education Committee",,,,,,0,,3,Jnt,
5775,"Government Administration and Elections Committee",,,,,,0,,3,Jnt,
5776,"Housing Committee",,,,,,0,,3,Jnt,
5777,"Peter Tercyak",Peter,A.,Tercyak,,,1,D,1,Rep,HD-026
5778,"Transportation Committee",,,,,,0,,3,Jnt,
5779,"Vincent Candelora",Vincent,J.,Candelora,,,2,R,1,Rep,HD-086
5780,"Appropriations Committee",,,,,,0,,3,Jnt,
5782,"Gerald Fox",Gerald,M.,Fox,III,,1,D,1,Rep,HD-146
5785,"Douglas McCrory",Douglas,,McCrory,,,1,D,1,Rep,HD-007
5789,"Minnie Gonzalez",Minnie,,Gonzalez,,,1,D,1,Rep,HD-003
5791,"Themis Klarides",Themis,,Klarides,,,2,R,1,Rep,HD-114
5792,"Andrew Fleischmann",Andrew,M.,Fleischmann,,,1,D,1,Rep,HD-018
5793,"Tony Hwang",Tony,,Hwang,,,2,R,2,Sen,SD-028
5794,"William Tong",William,,Tong,,,1,D,1,Rep,HD-147
5795,"Mike Alberts",Mike,L.,Alberts,,,2,R,1,Rep,HD-050
5796,"Laura Hoydick",Laura,R.,Hoydick,,,2,R,1,Rep,HD-120
5797,"Timothy LeGeyt",Timothy,B.,LeGeyt,,,2,R,1,Rep,HD-017
5799,"Janice Giegler",Janice,R.,Giegler,,,2,R,1,Rep,HD-138
5802,"Mae Flexer",Mae,M.,Flexer,,,1,D,2,Sen,SD-029
5807,"Patricia Dillon",Patricia,A.,Dillon,,,1,D,1,Rep,HD-092
5811,"Andrew Maynard",Andrew,M.,Maynard,,,1,D,2,Sen,SD-018
5813,"Craig Miner",Craig,A.,Miner,,,2,R,1,Rep,HD-066
5815,"Melissa Olson",Melissa,M.,Olson,,,1,D,1,Rep,HD-046
5818,"Gary Winfield",Gary,A.,Winfield,,,1,D,2,Sen,SD-010
5821,"Arthur O'Neill",Arthur,J.,O'Neill,,,2,R,1,Rep,HD-069
5824,"Antonio Guerrera",Antonio,,Guerrera,,Tony,1,D,1,Rep,HD-029
5825,"John Piscopo",John,E.,Piscopo,,,2,R,1,Rep,HD-076
5828,"Brendan Sharkey",Brendan,,Sharkey,,,1,D,1,Rep,HD-088
5829,"Joan Hartley",Joan,V.,Hartley,,,1,D,2,Sen,SD-015
9512,"Clark Chapin",Clark,J.,Chapin,,,2,R,2,Sen,SD-030
10438,"Christopher Davis",Christopher,,Davis,,,2,R,1,Rep,HD-057
10439,"Kim Rose",Kim,,Rose,,,1,D,1,Rep,HD-118
10440,"Bill Simanski",Bill,,Simanski,,,2,R,1,Rep,HD-062
10441,"Gail Lavielle",Gail,M.,Lavielle,,,2,R,1,Rep,HD-143
10442,"Whit Betts",Whit,,Betts,,,2,R,1,Rep,HD-078
10444,"Daniel Rovero",Daniel,S.,Rovero,,,1,D,1,Rep,HD-051
10799,"Joseph Markley",Joseph,C.,Markley,,Joe,2,R,2,Sen,SD-016
10800,"Richard Smith",Richard,A.,Smith,,,2,R,1,Rep,HD-108
10801,"John Shaban",John,T.,Shaban,,,2,R,1,Rep,HD-135
10802,"David Kiner",David,William,Kiner,,,1,D,1,Rep,HD-059
10803,"Daniel Carter",Daniel,E.,Carter,,Dan,2,R,1,Rep,HD-002
10804,"Brenda Kupchick",Brenda,L.,Kupchick,,,2,R,1,Rep,HD-132
10806,"Robert Sampson",Robert,C.,Sampson,,,2,R,1,Rep,HD-080
10807,"Matthew Ritter",Matthew,,Ritter,,,1,D,1,Rep,HD-001
10808,"Christie Carpino",Christie,M.,Carpino,,,2,R,1,Rep,HD-032
10809,"Prasad Srinivasan",Prasad,,Srinivasan,,,2,R,1,Rep,HD-031
10810,"Al Adinolfi",Al,,Adinolfi,,,2,R,1,Rep,HD-103
10812,"Dave Yaccarino",Dave,W.,Yaccarino,,,2,R,1,Rep,HD-087
10813,"Geoffrey Luxenberg",Geoffrey,R.,Luxenberg,,Geoff,1,D,1,Rep,HD-012
10945,"Roland Lemar",Roland,J.,Lemar,,,1,D,1,Rep,HD-096
11150,"Jonathan Steinberg",Jonathan,,Steinberg,,,1,D,1,Rep,HD-136
11153,"Brian Becker",Brian,S.,Becker,,,1,D,1,Rep,HD-019
11269,"Gayle Slossberg",Gayle,S.,Slossberg,,,1,D,2,Sen,SD-014
11370,"Kevin Kelly",Kevin,C.,Kelly,,,2,R,2,Sen,SD-021
11371,"Stephen Cassano",Stephen,T.,Cassano,,Steve,1,D,2,Sen,SD-004
11372,"Aging Committee",,,,,,0,,3,Jnt,
11373,"Timothy Ackert",Timothy,J.,Ackert,,,2,R,1,Rep,HD-008
11374,"Gregory Haddad",Gregory,,Haddad,,,1,D,1,Rep,HD-054
12651,"Theresa Gerratana",Theresa,Bielinski,Gerratana,,Terry,1,D,2,Sen,SD-006
12653,"James Albis",James,M.,Albis,,,1,D,1,Rep,HD-099
12657,"Noreen Kokoruda",Noreen,S.,Kokoruda,,,2,R,1,Rep,HD-101
12773,"Joseph Verrengia",Joseph,A.,Verrengia,,Joe,1,D,1,Rep,HD-020
12902,"Philip Miller",Philip,J.,Miller,,,1,D,1,Rep,HD-036
12903,"Robert Sanchez",Robert,C.,Sanchez,,Bobby,1,D,1,Rep,HD-025
12908,"Charlie Stallworth",Charlie,L.,Stallworth,,,1,D,1,Rep,HD-126
13879,"Rick Lopes",Rick,,Lopes,,,1,D,1,Rep,HD-024
14397,"Cecilia Buck-Taylor",Cecilia,,Buck-Taylor,,,2,R,1,Rep,HD-067
14398,"David Zoni",David,,Zoni,,,1,D,1,Rep,HD-081
14399,"Jay Case",Jay,M.,Case,,,2,R,1,Rep,HD-063
14402,"Melissa Ziobron",Melissa,H.,Ziobron,,,2,R,1,Rep,HD-034
14405,"Arthur Linares",Arthur,S.,Linares,,Art,2,R,2,Sen,SD-033
14406,"Dante Bartolomeo",Dante,,Bartolomeo,,,1,D,2,Sen,SD-013
14844,"David Alexander",David,,Alexander,,,1,D,1,Rep,HD-058
14845,"David Rutigliano",David,J.,Rutigliano,,,2,R,1,Rep,HD-123
14846,"Lezlye Zupkus",Lezlye,,Zupkus,,,2,R,1,Rep,HD-089
14847,"Mike Demicco",Mike,,Demicco,,,1,D,1,Rep,HD-021
14848,"Catherine Osten",Catherine,A.,Osten,,,1,D,2,Sen,SD-019
15081,"Angel Arce",Angel,,Arce,,,1,D,1,Rep,HD-004
15082,"David Arconti",David,,Arconti,Jr.,,1,D,1,Rep,HD-109
15083,"Edwin Vargas",Edwin,,Vargas,Jr.,,1,D,1,Rep,HD-006
15086,"John Hampton",John,Kennedy,Hampton,,,1,D,1,Rep,HD-016
15087,"Mitch Bolinsky",Mitch,,Bolinsky,,,2,R,1,Rep,HD-106
15088,"Tom O'Dea",Tom,,O'Dea,,,2,R,1,Rep,HD-125
15089,"Victor Cuevas",Victor,,Cuevas,,,1,D,1,Rep,HD-075
15293,"Hilda Santiago",Hilda,E.,Santiago,,,1,D,1,Rep,HD-084
15294,"Michael D'Agostino",Michael,C.,D'Agostino,,,1,D,1,Rep,HD-091
15387,"Brandon McGee",Brandon,L.,McGee,,,1,D,1,Rep,HD-005
15756,"Veterans' Affairs Committee",,,,,,0,,3,Jnt,
16029,"Committee on Children",,,,,,0,,3,Jnt,
16235,"Sam Belsito",Sam,,Belsito,,,2,R,1,Rep,HD-053
16245,"Tami Zawistowski",Tami,W.,Zawistowski,,,2,R,1,Rep,HD-061
16247,"Robyn Porter",Robyn,A.,Porter,,,1,D,1,Rep,HD-094
16432,"Devin Carney",Devin,R.,Carney,,,2,R,1,Rep,HD-023
16433,"Douglas Dubitsky",Douglas,,Dubitsky,,Doug,2,R,1,Rep,HD-047
16434,"Gayle Mulligan",Gayle,J.,Mulligan,,,2,R,1,Rep,HD-055
16435,"John Scott",John,F.,Scott,,,2,R,1,Rep,HD-040
16436,"Kurt Vail",Kurt,A.,Vail,,,2,R,1,Rep,HD-052
16437,"Mark Tweedie",Mark,D.,Tweedie,,,2,R,1,Rep,HD-013
16438,"Mike France",Mike,F.,France,,,2,R,1,Rep,HD-042
16527,"Henri Martin",Henri,B.,Martin,,,2,R,2,Sen,SD-031
16528,"Pam Staneski",Pam,,Staneski,,,2,R,1,Rep,HD-119
16608,"Charles Ferraro",Charles,J.,Ferraro,,,2,R,1,Rep,HD-117
16617,"Gary Byron",Gary,,Byron,,,2,R,1,Rep,HD-027
16650,"Ben Mcgorty",Ben,,McGorty,,,2,R,1,Rep,HD-122
16651,"Kathleen McCarty",Kathleen,,McCarty,,,2,R,1,Rep,HD-038
16706,"Christine Pavalock",Christine,,Pavalock,,Cara,2,R,1,Rep,HD-077
16707,"Jesse MacLachlan",Jesse,D.,MacLachlan,,,2,R,1,Rep,HD-035
16708,"Laura Devlin",Laura,,Devlin,,,2,R,1,Rep,HD-134
16790,"Aundre Bumgardner",Aundre,,Bumgardner,,,2,R,1,Rep,HD-041
16791,"J.P. Sredzinski",J.P.,,Sredzinski,,,2,R,1,Rep,HD-112
16955,"Eric Berthel",Eric,C.,Berthel,,,2,R,1,Rep,HD-068
17042,"Marilyn Moore",Marilyn,V.,Moore,,,1,D,2,Sen,SD-022
17219,"Paul Formica",Paul,M.,Formica,,,2,R,2,Sen,SD-020
17220,"Edward Kennedy",Edward,M.,Kennedy,Jr.,Ted,1,D,2,Sen,SD-012
17222,"Andre Baker",Andre,F.,Baker,Jr.,,1,D,1,Rep,HD-124
17223,"Caroline Simmons",Caroline,,Simmons,,,1,D,1,Rep,HD-144
17224,"Christopher Rosario",Christopher,,Rosario,,,1,D,1,Rep,HD-128
17225,"Cristin McCarthy Vahey",Cristin,,"McCarthy Vahey",,,1,D,1,Rep,HD-133
17226,"Fred Wilms",Fred,,Wilms,,,2,R,1,Rep,HD-142
17227,"Kelly Luxenberg",Kelly,Juleson-Scopino,Luxenberg,,,1,D,1,Rep,HD-012
17228,"Mike Bocchino",Mike,,Bocchino,,,2,R,1,Rep,HD-150
17229,"Paul Brycki",Paul,J.,Brycki,,,1,D,1,Rep,HD-045
17230,"Terry Adams",Terry,B.,Adams,,,1,D,1,Rep,HD-146
17294,"Sean Scanlon",Sean,,Scanlon,,,1,D,1,Rep,HD-098
17295,"Jeffrey Currey",Jeffrey,A.,Currey,,,1,D,1,Rep,HD-011
17530,"Banking Committee",,,,,,0,,3,Jnt,
17688,"Steven Stafstrom",Steven,,Stafstrom,,,1,D,1,Rep,129
17689,"Stephen Harding",Stephen,G.,Harding,,,2,R,1,Rep,107
17916,"Joseph Gresko",Joseph,P.,Gresko,,,1,D,1,Rep,HD-121
