sponsor_id,name,first_name,middle_name,last_name,suffix,nickname,party_id,party,role_id,role,district
5848,"Alma Allen",Alma,A.,Allen,,,1,D,1,Rep,HD-131
5849,"Roberto Alonzo",Roberto,R.,Alonzo,,,1,D,1,Rep,HD-104
5850,"Carol Alvarado",Carol,,Alvarado,,,1,D,1,Rep,HD-145
5851,"Rafael Anchia",Rafael,,Anchia,,,1,D,1,Rep,HD-103
5852,"Charles Anderson",Charles,,Anderson,,Doc,2,R,1,Rep,HD-056
5853,"Jimmie Aycock",Jimmie,Don,Aycock,,,2,R,1,Rep,HD-054
5855,"Dwayne Bohac",Dwayne,,Bohac,,,2,R,1,Rep,HD-138
5857,"Dennis Bonnen",Dennis,H.,Bonnen,,,2,R,1,Rep,HD-025
5862,"Angie Button",Angie,Chen,Button,,,2,R,1,Rep,HD-112
5869,"Garnet Coleman",Garnet,,Coleman,,,1,D,1,Rep,HD-147
5870,"Byron Cook",Byron,Curtis,Cook,,,2,R,1,Rep,HD-008
5874,"Tom Craddick",Tom,,Craddick,,,2,R,1,Rep,HD-082
5875,"Charles Creighton",Charles,Brandon,Creighton,,,2,R,2,Sen,SD-004
5876,"Myra Crownover",Myra,,Crownover,,,2,R,1,Rep,HD-064
5877,"Drew Darby",Drew,,Darby,,,2,R,1,Rep,HD-072
5879,"Yvonne Davis",Yvonne,,Davis,,,1,D,1,Rep,HD-111
5880,"Joe Deshotel",Joe,,Deshotel,,,1,D,1,Rep,HD-022
5882,"Dawnna Dukes",Dawnna,,Dukes,,,1,D,1,Rep,HD-046
5884,"Harold Dutton",Harold,V.,Dutton,Jr.,,1,D,1,Rep,HD-142
5888,"Gary Elkins",Gary,W.,Elkins,,,2,R,1,Rep,HD-135
5891,"Joe Farias",Joe,,Farias,,,1,D,1,Rep,HD-118
5892,"Jessica Farrar",Jessica,Cristina,Farrar,,,1,D,1,Rep,HD-148
5893,"Allen Fletcher",Allen,,Fletcher,,,2,R,1,Rep,HD-130
5895,"Dan Flynn",Dan,,Flynn,,,2,R,1,Rep,HD-002
5899,"Charlie Geren",Charlie,,Geren,,,2,R,1,Rep,HD-099
5900,"Helen Giddings",Helen,,Giddings,,,1,D,1,Rep,HD-109
5903,"Ryan Guillen",Ryan,,Guillen,,,1,D,1,Rep,HD-031
5904,"Roland Gutierrez",Roland,,Gutierrez,,,1,D,1,Rep,HD-119
5906,"Kelly Hancock",Kelly,,Hancock,,,2,R,2,Sen,SD-009
5908,"Patricia Harless",Patricia,,Harless,,,2,R,1,Rep,HD-126
5912,"Ana Hernandez",Ana,,Hernandez,,,1,D,1,Rep,HD-143
5913,"Abel Herrero",Abel,,Herrero,,,1,D,1,Rep,HD-034
5920,"Donna Howard",Donna,,Howard,,,1,D,1,Rep,HD-048
5921,"Bryan Hughes",Bryan,,Hughes,,,2,R,1,Rep,HD-005
5922,"Todd Hunter",Todd,,Hunter,,,2,R,1,Rep,HD-032
5925,"Eric Johnson",Eric,,Johnson,,,1,D,1,Rep,HD-100
5927,"James Keffer",James,L.,Keffer,,Jim,2,R,1,Rep,HD-060
5929,"Phil King",Phil,,King,,,2,R,1,Rep,HD-061
5930,"Susan King",Susan,,King,,,2,R,1,Rep,HD-071
5931,"Tracy King",Tracy,O.,King,,,1,D,1,Rep,HD-080
5932,"Tim Kleinschmidt",Tim,,Kleinschmidt,,,2,R,1,Rep,HD-017
5933,"Lois Kolkhorst",Lois,,Kolkhorst,,,2,R,2,Sen,SD-018
5934,"John Kuempel",John,,Kuempel,,,2,R,1,Rep,HD-044
5935,"Jodie Laubenberg",Jodie,,Laubenberg,,,2,R,1,Rep,HD-089
5939,"Eddie Lucio",Eddie,,Lucio,III,,1,D,1,Rep,HD-038
5943,"Marisa Marquez",Marisa,,Marquez,,,1,D,1,Rep,HD-077
5944,"Trey Fischer",Trey,Martinez,Fischer,,,1,D,1,Rep,HD-116
5945,"Armando Martinez",Armando,,Martinez,,Mando,1,D,1,Rep,HD-039
5947,"Ruth McClendon",Ruth,Jones,McClendon,,,1,D,1,Rep,HD-120
5949,"Jose Menendez",Jose,,Menendez,,,1,D,2,Sen,SD-026
5952,"Doug Miller",Doug,,Miller,,,2,R,1,Rep,HD-073
5954,"Joseph Moody",Joseph,E.,Moody,,,1,D,1,Rep,HD-078
5955,"Geanie Morrison",Geanie,W.,Morrison,,,2,R,1,Rep,HD-030
5956,"Elliott Naishtat",Elliott,,Naishtat,,,1,D,1,Rep,HD-049
5957,"Rene Oliveira",Rene,O.,Oliveira,,,1,D,1,Rep,HD-037
5961,"John Otto",John,,Otto,,,2,R,1,Rep,HD-018
5962,"Tan Parker",Tan,,Parker,,,2,R,1,Rep,HD-063
5966,"Larry Phillips",Larry,,Phillips,,,2,R,1,Rep,HD-062
5967,"Joe Pickett",Joe,C.,Pickett,,,1,D,1,Rep,HD-079
5971,"Richard Raymond",Richard,Pena,Raymond,,,1,D,1,Rep,HD-042
5972,"Debbie Riddle",Debbie,,Riddle,,,2,R,1,Rep,HD-150
5975,"Justin Rodriguez",Justin,,Rodriguez,,,1,D,1,Rep,HD-125
5979,"John Smithee",John,,Smithee,,,2,R,1,Rep,HD-086
5981,"Wayne Smith",Wayne,,Smith,,,2,R,1,Rep,HD-128
5984,"Joseph Straus",Joseph,R.,Straus,III,Joe,2,R,1,Rep,HD-121
5986,"Larry Taylor",Larry,,Taylor,,,2,R,2,Sen,SD-011
5987,"Nicholas Taylor",Nicholas,"Van Campen",Taylor,,Van,2,R,2,Sen,SD-008
5989,"Ed Thompson",Ed,,Thompson,,,2,R,1,Rep,HD-029
5992,"Sylvester Turner",Sylvester,,Turner,,,1,D,1,Rep,HD-139
5996,"Hubert Vo",Hubert,,Vo,,,1,D,1,Rep,HD-149
5997,"Armando Walle",Armando,Lucio,Walle,,,1,D,1,Rep,HD-140
6000,"John Zerwas",John,,Zerwas,,,2,R,1,Rep,HD-028
6007,"Rodney Ellis",Rodney,,Ellis,,,1,D,2,Sen,SD-013
6008,"Kevin Eltife",Kevin,P.,Eltife,,,2,R,2,Sen,SD-001
6009,"Craig Estes",Craig,,Estes,,,2,R,2,Sen,SD-030
6010,"Troy Fraser",Troy,,Fraser,,,2,R,2,Sen,SD-024
6014,"Juan Hinojosa",Juan,,Hinojosa,,Chuy,1,D,2,Sen,SD-020
6015,"Joan Huffman",Joan,,Huffman,,,2,R,2,Sen,SD-017
6017,"Eddie Lucio",Eddie,,Lucio,Jr.,,1,D,2,Sen,SD-027
6018,"Jane Nelson",Jane,,Nelson,,,2,R,2,Sen,SD-012
6019,"Robert Nichols",Robert,,Nichols,,,2,R,2,Sen,SD-003
6021,"Dan Patrick",Dan,Goeb,Patrick,,,2,R,2,Sen,SD-007
6022,"Kel Seliger",Kel,,Seliger,,,2,R,2,Sen,SD-031
6025,"Carlos Uresti",Carlos,,Uresti,,Charlie,1,D,2,Sen,SD-019
6026,"Leticia Van De Putte",Leticia,R.,"Van De Putte",,,1,D,2,Sen,SD-026
6027,"Kirk Watson",Kirk,,Watson,,,1,D,2,Sen,SD-014
6029,"Royce West",Royce,,West,,,1,D,2,Sen,SD-023
6030,"John Whitmire",John,,Whitmire,,,1,D,2,Sen,SD-015
6032,"Judith Zaffirini",Judith,,Zaffirini,,,1,D,2,Sen,SD-021
11010,"Dan Huberty",Dan,,Huberty,,,2,R,1,Rep,HD-127
11011,"Lyle Larson",Lyle,,Larson,,,2,R,1,Rep,HD-122
11012,"Jim Murphy",Jim,,Murphy,,,2,R,1,Rep,HD-133
11013,"Charles Perry",Charles,,Perry,,,2,R,2,Sen,SD-028
11014,"Eddie Rodriguez",Eddie,,Rodriguez,,,1,D,1,Rep,HD-051
11015,"Charles Schwertner",Charles,J.,Schwertner,,,2,R,2,Sen,SD-005
11016,"Kenneth Sheets",Kenneth,,Sheets,,,2,R,1,Rep,HD-107
11017,"David Simpson",David,,Simpson,,,2,R,1,Rep,HD-007
11018,"Scott Turner",Scott,,Turner,,,2,R,1,Rep,HD-033
11019,"James White",James,,White,,,2,R,1,Rep,HD-019
11020,"Brian Birdwell",Brian,,Birdwell,,,2,R,2,Sen,SD-022
11021,"Jose Rodriguez",Jose,R.,Rodriguez,,,1,D,2,Sen,SD-029
11338,"Cindy Burkett",Cindy,,Burkett,,,2,R,1,Rep,HD-113
11340,"John Frullo",John,,Frullo,,,2,R,1,Rep,HD-084
11341,"Larry Gonzales",Larry,,Gonzales,,,2,R,1,Rep,HD-052
11343,"Jason Isaac",Jason,A.,Isaac,,,2,R,1,Rep,HD-045
11346,"J.M. Lozano","J. M.",,Lozano,,,2,R,1,Rep,HD-043
11349,"Sergio Munoz",Sergio,,Munoz,Jr.,,1,D,1,Rep,HD-036
11352,"Four Price",Four,,Price,,,2,R,1,Rep,HD-087
11355,"Paul Workman",Paul,Daniel,Workman,,,2,R,1,Rep,HD-047
11356,"William Zedler",William,,Zedler,,Bill,2,R,1,Rep,HD-096
11598,"Ron Reynolds",Ron,,Reynolds,,,1,D,1,Rep,HD-027
11599,"Borris Miles",Borris,L.,Miles,,,1,D,1,Rep,HD-146
11795,"Sarah Davis",Sarah,,Davis,,,2,R,1,Rep,HD-134
14039,"Tony Dale",Tony,,Dale,,,2,R,1,Rep,HD-136
14040,"Kyle Kacal",Kyle,J.,Kacal,,,2,R,1,Rep,HD-012
14041,"Matt Krause",Matt,,Krause,,,2,R,1,Rep,HD-093
14042,"Poncho Nevarez",Poncho,,Nevarez,,,1,D,1,Rep,HD-074
14043,"John Raney",John,,Raney,,,2,R,1,Rep,HD-014
14044,"Ron Simmons",Ron,,Simmons,,,2,R,1,Rep,HD-065
14045,"Jonathan Stickland",Jonathan,Mark,Stickland,,Jon,2,R,1,Rep,HD-092
14046,"Senfronia Thompson",Senfronia,,Thompson,,,1,D,1,Rep,HD-141
14047,"Jeff Leach",Jeff,,Leach,,,2,R,1,Rep,HD-067
14236,"Terry Canales",Terry,,Canales,,,1,D,1,Rep,HD-040
14237,"Travis Clardy",Travis,,Clardy,,,2,R,1,Rep,HD-011
14238,"Drew Springer",Drew,,Springer,,,2,R,1,Rep,HD-068
14569,"Pat Fallon",Pat,,Fallon,,,2,R,1,Rep,HD-106
14783,"Cecil Bell",Cecil,,Bell,Jr.,,2,R,1,Rep,HD-003
14784,"Greg Bonnen",Greg,,Bonnen,,,2,R,1,Rep,HD-024
14785,"Giovanni Capriglione",Giovanni,,Capriglione,,,2,R,1,Rep,HD-098
14786,"Robert Guerra",Robert,D.,Guerra,,Bobby,1,D,1,Rep,HD-041
14990,"Mary Gonzalez",Mary,E.,Gonzalez,,,1,D,1,Rep,HD-075
15076,"Rick Miller",Rick,,Miller,,,2,R,1,Rep,HD-026
15077,"Donna Campbell",Donna,,Campbell,,,2,R,2,Sen,SD-025
15300,"Marsha Farney",Marsha,,Farney,,,2,R,1,Rep,HD-020
15351,"Trent Ashby",Trent,,Ashby,,,2,R,1,Rep,HD-057
15352,"Nicole Collier",Nicole,,Collier,,,1,D,1,Rep,HD-095
15353,"Chris Paddie",Chris,,Paddie,,,2,R,1,Rep,HD-009
15355,"Scott Sanford",Scott,,Sanford,,,2,R,1,Rep,HD-070
15356,"Matt Schaefer",Matt,,Schaefer,,,2,R,1,Rep,HD-006
15357,"Phil Stephenson",Phil,,Stephenson,,,2,R,1,Rep,HD-085
15358,"Jason Villalba",Jason,,Villalba,,,2,R,1,Rep,HD-114
15408,"Craig Goldman",Craig,,Goldman,,,2,R,1,Rep,HD-097
15425,"Ken King",Ken,,King,,,2,R,1,Rep,HD-088
15426,"Stephanie Klick",Stephanie,,Klick,,,2,R,1,Rep,HD-091
15628,"Oscar Longoria",Oscar,,Longoria,,,1,D,1,Rep,HD-035
15630,"J.D. Sheffield",J.D.,,Sheffield,,,2,R,1,Rep,HD-059
15631,"Eugene Wu",Eugene,,Wu,,Gene,1,D,1,Rep,HD-137
15686,"James Frank",James,,Frank,,,2,R,1,Rep,HD-069
15961,"Sylvia Garcia",Sylvia,,Garcia,,,1,D,2,Sen,SD-006
16265,"Donald Huffines",Donald,Blaine,Huffines,,Don,2,R,2,Sen,SD-016
16267,"Paul Bettencourt",Paul,D.,Bettencourt,,,2,R,2,Sen,SD-007
16268,"Celia Israel",Celia,,Israel,,,1,D,1,Rep,HD-050
16274,"Mark Keough",Mark,,Keough,,,2,R,1,Rep,HD-015
16277,"Stuart Spitzer",Stuart,,Spitzer,,,2,R,1,Rep,HD-004
16346,"William Metcalf",William,,Metcalf,,Will,2,R,1,Rep,HD-016
16526,"Brooks Landgraf",Brooks,,Landgraf,,,2,R,1,Rep,HD-081
16834,"Cesar Blanco",Cesar,,Blanco,,,1,D,1,Rep,HD-076
16835,"Dewayne Burns",Dewayne,C.,Burns,,,2,R,1,Rep,HD-058
16836,"Dustin Burrows",Dustin,,Burrows,,,2,R,1,Rep,HD-083
16837,"Wayne Faircloth",Wayne,,Faircloth,,,2,R,1,Rep,HD-023
16838,"Rick Galindo",Rick,,Galindo,,,2,R,1,Rep,HD-117
16839,"Linda Koop",Linda,,Koop,,,2,R,1,Rep,HD-102
16840,"Morgan Meyer",Morgan,,Meyer,,,2,R,1,Rep,HD-108
16841,"Andrew Murr",Andrew,S.,Murr,,,2,R,1,Rep,HD-053
16842,"Dennis Paul",Dennis,R.,Paul,,,2,R,1,Rep,HD-129
16843,"Dade Phelan",Dade,,Phelan,,,2,R,1,Rep,HD-021
16844,"Matt Rinaldi",Matt,,Rinaldi,,,2,R,1,Rep,HD-115
16845,"Ramon Romero",Ramon,,Romero,Jr.,,1,D,1,Rep,HD-090
16846,"Mike Schofield",Mike,,Schofield,,,2,R,1,Rep,HD-132
16847,"Matthew Shaheen",Matthew,F.,Shaheen,,Matt,2,R,1,Rep,HD-066
16848,"Gary Vandeaver",Gary,,Vandeaver,,,2,R,1,Rep,HD-001
16849,"Molly White",Molly,S.,White,,,2,R,1,Rep,HD-055
16850,"John Wray",John,,Wray,,,2,R,1,Rep,HD-010
16851,"Tony Tinderholt",Tony,,Tinderholt,,,2,R,1,Rep,HD-094
17364,"Konni Burton",Konni,,Burton,,,2,R,2,Sen,SD-010
17365,"Bob Hall",Bob,,Hall,,,2,R,2,Sen,SD-002
17573,"Gilbert Pena",Gilbert,,Pena,,,2,R,1,Rep,HD-144
17574,"Toni Rose",Toni,,Rose,,,1,D,1,Rep,HD-110
17575,"Rodney Anderson",Rodney,J.,Anderson,Jr.,,2,R,1,Rep,HD-105
17576,"Chris Turner",Chris,,Turner,,,1,D,1,Rep,HD-101
17631,"Diego Bernal",Diego,,Bernal,,,1,D,1,Rep,
17636,"Leighton Schubert",Leighton,,Schubert,,,2,R,1,Rep,
17637,"John Cyrier",John,,Cyrier,,,2,R,1,Rep,
17694,"Ina Minjarez",Ina,A.,Minjarez,,,1,D,1,Rep,HD-124
