sponsor_id,name,first_name,middle_name,last_name,suffix,nickname,party_id,party,role_id,role,district
6967,"Kraig Paulsen",Kraig,,Paulsen,,,2,R,1,Rep,HD-067
6968,Administration,,,Administration,,,0,,1,Rep,
6969,Rules,,,Rules,,,0,,1,Rep,
6970,"Dave Jacoby",Dave,J.,Jacoby,,,1,D,1,Rep,HD-074
6973,"Jason Schultz",Jason,,Schultz,,,2,R,2,Sen,SD-009
6975,"Dave Deyoe",Dave,,Deyoe,,,2,R,1,Rep,HD-049
6976,"Linda Upmeyer",Linda,L.,Upmeyer,,,2,R,1,Rep,HD-054
6978,"Ralph Watts",Ralph,C.,Watts,,,2,R,1,Rep,HD-019
6979,"Chris Hagenow",Chris,,Hagenow,,,2,R,1,Rep,HD-043
6981,"Bobby Kaufmann",Bobby,,Kaufmann,,,2,R,1,Rep,HD-073
6982,"Matt Windschitl",Matt,W.,Windschitl,,,2,R,1,Rep,HD-017
6983,"Peter Cownie",Peter,M.,Cownie,,,2,R,1,Rep,HD-042
6985,"Kevin Koester",Kevin,,Koester,,,2,R,1,Rep,HD-038
6987,"Clel Baudler",Clel,,Baudler,,,2,R,1,Rep,HD-020
6988,"Thomas Sands",Thomas,R.,Sands,,,2,R,1,Rep,HD-088
6989,"Daniel Huseman",Daniel,A.,Huseman,,,2,R,1,Rep,HD-003
6990,"Chuck Soderberg",Chuck,,Soderberg,,,2,R,1,Rep,HD-005
6991,"Dawn Pettengill",Dawn,E.,Pettengill,,,2,R,1,Rep,HD-075
6992,"Mark Smith",Mark,D.,Smith,,,1,D,1,Rep,HD-071
7000,"Bob Kressig",Bob,M.,Kressig,,,1,D,1,Rep,HD-059
7003,"Cindy Winckler",Cindy,L.,Winckler,,,1,D,1,Rep,HD-090
7006,"Sharon Steckman",Sharon,S.,Steckman,,,1,D,1,Rep,HD-053
7007,"Helen Miller",Helen,,Miller,,,2,R,1,Rep,HD-009
7008,"Jerry Kearns",Jerry,A.,Kearns,,,1,D,1,Rep,HD-083
7009,"Jim Lykam",Jim,,Lykam,,,1,D,1,Rep,HD-089
7014,"Ako Abdul-Samad",Ako,,Abdul-Samad,,,1,D,1,Rep,HD-035
7015,"Bruce Hunter",Bruce,L.,Hunter,,,1,D,1,Rep,HD-034
7016,"Mary Gaskill",Mary,,Gaskill,,,1,D,1,Rep,HD-081
7021,"Lisa Heddens",Lisa,K.,Heddens,,,1,D,1,Rep,HD-046
7022,"Linda Miller",Linda,J.,Miller,,,2,R,1,Rep,HD-094
7024,"Jack Drake",Jack,,Drake,,,2,R,1,Rep,HD-021
7027,"Cecil Dolecheck",Cecil,,Dolecheck,,,2,R,1,Rep,HD-024
7029,"Daniel Kelley",Daniel,,Kelley,,Dan,1,D,1,Rep,HD-029
7031,"Deborah Berry",Deborah,L.,Berry,,,1,D,1,Rep,HD-062
7033,"Beth Wessel-Kroeschell",Beth,,Wessel-Kroeschell,,,1,D,1,Rep,HD-045
7035,"Vicki Lensing",Vicki,S.,Lensing,,,1,D,1,Rep,HD-085
7037,"Janet Petersen",Janet,,Petersen,,,1,D,2,Sen,SD-018
7040,"David Heaton",David,E.,Heaton,,,2,R,1,Rep,HD-084
7043,"Richard Anderson",Richard,,Anderson,,,2,R,1,Rep,HD-097
7047,"Charles Isenhart",Charles,W.,Isenhart,,,1,D,1,Rep,HD-100
7050,"Greg Forristall",Greg,,Forristall,,,2,R,1,Rep,HD-022
7054,"Human Resources",,,,,,0,,1,Rep,
7056,"Todd Taylor",Todd,,Taylor,,,1,D,1,Rep,HD-070
7060,"Gary Worthan",Gary,,Worthan,,,2,R,1,Rep,HD-011
7061,Commerce,,,,,,0,,1,Rep,
7066,Judiciary,,,,,,0,,1,Rep,
7069,"Rick Olson",Rick,L.,Olson,,,1,D,1,Rep,HD-031
7071,"State Government",,,,,,0,,1,Rep,
7072,"Veterans Affairs",,,,,,0,,1,Rep,
7075,"Pat Grassley",Pat,,Grassley,,,2,R,1,Rep,HD-050
7076,"Public Safety",,,,,,0,,1,Rep,
7077,Education,,,,,,0,,1,Rep,
7078,"Phyllis Thede",Phyllis,,Thede,,,1,D,1,Rep,HD-093
7079,"Mary Mascher",Mary,,Mascher,,,1,D,1,Rep,HD-086
7080,"Local Government",,,,,,0,,1,Rep,
7081,"Economic Growth",,,,,,0,,1,Rep,
7082,"Jo Oldson",Jo,,Oldson,,,1,D,1,Rep,HD-041
7083,"Dennis Cohoon",Dennis,M.,Cohoon,,,1,D,1,Rep,HD-087
7084,Labor,,,,,,0,,1,Rep,
7085,Agriculture,,,,,,0,,1,Rep,
7087,Appropriations,,,,,,0,,1,Rep,
7088,"Environmental Protection",,,,,,0,,1,Rep,
7089,Transportation,,,,,,0,,1,Rep,
7090,"Natural Resources",,,,,,0,,1,Rep,
7091,"Ways & Means",,,,,,0,,1,Rep,
7092,"Government Oversight",,,,,,0,,1,Rep,
7094,"Curtis Hanson",Curtis,D.,Hanson,,,1,D,1,Rep,HD-082
7096,"Kirsten Running-Marquardt",Kirsten,,Running-Marquardt,,,1,D,1,Rep,HD-069
7097,Ethics,,,,,,0,,1,Rep,
7100,"Rules & Administration",,,,,,0,,2,Sen,
7101,"Joseph Bolkcom",Joseph,L.,Bolkcom,,Joe,1,D,2,Sen,SD-043
7104,"David Johnson",David,J.,Johnson,,,2,R,2,Sen,SD-001
7108,"Amanda Ragan",Amanda,Elsie,Ragan,,,1,D,2,Sen,SD-027
7110,"Mary Jochum",Mary,Pamela,Jochum,,Pam,1,D,2,Sen,SD-050
7112,"Michael Gronstal",Michael,E.,Gronstal,,,1,D,2,Sen,SD-008
7113,"Jeffrey Danielson",Jeffrey,,Danielson,,Jeff,1,D,2,Sen,SD-030
7115,"Thomas Courtney",Thomas,G.,Courtney,,,1,D,2,Sen,SD-044
7118,"Wally Horn",Wally,E.,Horn,,,1,D,2,Sen,SD-035
7119,"Dick Dearden",Dick,L.,Dearden,,,1,D,2,Sen,SD-016
7120,"Joe Seng",Joe,M.,Seng,,,1,D,2,Sen,SD-045
7121,Judiciary,,,,,,0,,2,Sen,
7122,"Brian Schoenjahn",Brian,H.,Schoenjahn,,,1,D,2,Sen,SD-032
7124,"Matt McCoy",Matt,,McCoy,,,1,D,2,Sen,SD-021
7125,"William Dotzler",William,A.,Dotzler,Jr.,Bill,1,D,2,Sen,SD-031
7127,"Mary Wilhelm",Mary,Jo,Wilhelm,,,1,D,2,Sen,SD-026
7131,"Local Government",,,,,,0,,2,Sen,
7132,"Ways & Means",,,,,,0,,2,Sen,
7133,"State Government",,,,,,0,,2,Sen,
7134,"Herman Quirmbach",Herman,C.,Quirmbach,,,1,D,2,Sen,SD-023
7136,"Robert Hogg",Robert,M.,Hogg,,,1,D,2,Sen,SD-033
7139,"Robert Dvorsky",Robert,E.,Dvorsky,,,1,D,2,Sen,SD-037
7140,"Steven Sodders",Steven,J.,Sodders,,,1,D,2,Sen,SD-036
7143,"Tim Kapucian",Tim,L.,Kapucian,,,2,R,2,Sen,SD-038
7148,"Randy Feenstra",Randy,L.,Feenstra,,,2,R,2,Sen,SD-002
7150,"Brad Zaun",Brad,,Zaun,,,2,R,2,Sen,SD-020
7151,Education,,,,,,0,,2,Sen,
7152,"Economic Growth",,,,,,0,,2,Sen,
7155,"Human Resources",,,,,,0,,2,Sen,
7157,"Jerry Behn",Jerry,,Behn,,,2,R,2,Sen,SD-024
7158,"Veterans Affairs",,,,,,0,,2,Sen,
7159,Transportation,,,,,,0,,2,Sen,
7160,Commerce,,,,,,0,,2,Sen,
7161,Labor,,,Labor,,,0,,2,Sen,
7162,"Business Relations",Business,,Relations,,,0,,2,Sen,
7163,"Natural Resources",,,,,,0,,2,Sen,
7164,Agriculture,,,,,,0,,2,Sen,
7166,Appropriations,,,,,,0,,2,Sen,
7167,"Government Oversight",,,,,,0,,2,Sen,
7168,Ethics,,,,,,0,,2,Sen,
10727,"Brian Moore",Brian,,Moore,,,2,R,1,Rep,HD-058
10728,"Julian Garrett",Julian,B.,Garrett,,,2,R,2,Sen,SD-013
10732,"Ronald Jorgensen",Ronald,,Jorgensen,,,2,R,1,Rep,HD-006
10734,"Lee Hein",Lee,,Hein,,,2,R,1,Rep,HD-096
10735,"Jarad Klein",Jarad,,Klein,,,2,R,1,Rep,HD-078
10737,"Chip Baltimore",Chip,,Baltimore,,,2,R,1,Rep,HD-047
10738,"Joel Fry",Joel,,Fry,,,2,R,1,Rep,HD-027
10739,"Joshua Byrnes",Joshua,,Byrnes,,Josh,2,R,1,Rep,HD-051
10741,"Ross Paustian",Ross,C.,Paustian,,,2,R,1,Rep,HD-092
10743,"Guy Linden",Guy,Vander,Linden,,,2,R,1,Rep,HD-079
10744,"Mary Ann Hanusa","Mary Ann",,Hanusa,,,2,R,1,Rep,HD-016
10745,"Walt Rogers",Walt,,Rogers,,,2,R,1,Rep,HD-060
10750,"Robert Bacon",Robert,,Bacon,,,2,R,1,Rep,HD-048
11391,"Bill Anderson",Bill,,Anderson,,,2,R,2,Sen,SD-003
11392,"Rick Bertrand",Rick,,Bertrand,,,2,R,2,Sen,SD-007
11393,"Mark Chelgren",Mark,,Chelgren,,,2,R,2,Sen,SD-041
11515,"Roby Smith",Roby,,Smith,,,2,R,2,Sen,SD-047
11622,"Mary Wolfe",Mary,,Wolfe,,,1,D,1,Rep,HD-098
11623,"Ruth Ann Gaines","Ruth Ann",,Gaines,,,1,D,1,Rep,HD-032
11697,"Chris Hall",Chris,,Hall,,,1,D,1,Rep,HD-013
11745,"Bill Dix",Bill,,Dix,,,2,R,2,Sen,SD-025
11897,"Tod Bowman",Tod,R.,Bowman,,,1,D,2,Sen,SD-029
12056,Environment,,,Environment,,,0,,2,Sen,
13191,"Jack Whitver",Jack,,Whitver,,,2,R,2,Sen,SD-019
13865,"Liz Mathis",Liz,,Mathis,,,1,D,2,Sen,SD-034
14789,"Mark Costello",Mark,,Costello,,,2,R,2,Sen,HD-023
14790,"Dean Fisher",Dean,C.,Fisher,,,2,R,1,Rep,HD-072
14791,"Tedd Gassman",Tedd,,Gassman,,,2,R,1,Rep,HD-007
14792,"Greg Heartsill",Greg,T.,Heartsill,,,2,R,1,Rep,HD-028
14794,"Jake Highfill",Jake,,Highfill,,,2,R,1,Rep,HD-039
14795,"John Landon",John,,Landon,,,2,R,1,Rep,HD-037
14796,"David Maxwell",David,E.,Maxwell,,Dave,2,R,1,Rep,HD-076
14797,"Sandy Salmon",Sandy,,Salmon,,,2,R,1,Rep,HD-063
14798,"Larry Sheets",Larry,,Sheets,,,2,R,1,Rep,HD-080
14799,"Quentin Stanerson",Quentin,,Stanerson,,,2,R,1,Rep,HD-095
14800,"Rob Taylor",Rob,,Taylor,,,2,R,1,Rep,HD-044
15395,"Michael Breitbach",Michael,,Breitbach,,,2,R,2,Sen,SD-028
15396,"Jake Chapman",Jake,,Chapman,,,2,R,2,Sen,SD-010
15397,"Dennis Guth",Dennis,R.,Guth,,,2,R,2,Sen,SD-004
15398,"Ken Rozenboom",Ken,,Rozenboom,,,2,R,2,Sen,SD-040
15399,"Mark Segebart",Mark,,Segebart,,,2,R,2,Sen,SD-006
15400,"Amy Sinclair",Amy,B.,Sinclair,,,2,R,2,Sen,SD-014
15401,"Daniel Zumbach",Daniel,,Zumbach,,,2,R,2,Sen,SD-048
15427,"Chris Brase",Chris,,Brase,,,1,D,2,Sen,SD-046
15428,"Rita Hart",Rita,,Hart,,,1,D,2,Sen,SD-049
15430,"Rich Taylor",Rich,,Taylor,,,1,D,2,Sen,SD-042
15608,"Bruce Bearinger",Bruce,,Bearinger,,,1,D,1,Rep,HD-064
15609,"David Dawson",David,,Dawson,,Dave,1,D,1,Rep,HD-014
15610,"Nancy Dunkel",Nancy,A.,Dunkel,,,1,D,1,Rep,HD-057
15611,"John Forbes",John,,Forbes,,,1,D,1,Rep,HD-040
15613,"Scott Ourth",Scott,D.,Ourth,,,1,D,1,Rep,HD-026
15614,"Patti Ruff",Patti,,Ruff,,,1,D,1,Rep,HD-056
15615,"Art Staed",Art,,Staed,,,1,D,1,Rep,HD-066
15616,"Sally Stutsman",Sally,A.,Stutsman,,,1,D,1,Rep,HD-077
15618,"Charles Schneider",Charles,,Schneider,,,2,R,2,Sen,SD-022
15707,"Todd Prichard",Todd,P.,Prichard,,,1,D,1,Rep,HD-052
16121,"Stan Gustafson",Stan,,Gustafson,,,2,R,1,Rep,HD-025
16122,"Brian Meyer",Brian,J.,Meyer,,,1,D,1,Rep,HD-033
17037,"Tony Bisignano",Tony,,Bisignano,,,1,D,2,Sen,SD-017
17038,"Kevin Kinney",Kevin,,Kinney,,,1,D,2,Sen,SD-039
17039,"Megan Jones",Megan,Hess,Jones,,,2,R,1,Rep,
17218,"Steven Holt",Steven,,Holt,,,2,R,1,Rep,HD-018
17285,"Terry Baxter",Terry,,Baxter,,,2,R,1,Rep,HD-008
17286,"Liz Bennett",Liz,,Bennett,,,1,D,1,Rep,HD-065
17287,"Timi Brown-powers",Timi,,Brown-powers,,,1,D,1,Rep,HD-061
17288,"Charlie McConkey",Charlie,,McConkey,,,1,D,1,Rep,HD-015
17289,"Norlin Mommsen",Norlin,,Mommsen,,,2,R,1,Rep,HD-097
17290,"John Wills",John,H.,Wills,,,2,R,1,Rep,HD-001
17317,"Chaz Allen",Chaz,,Allen,,,1,D,2,Sen,SD-015
17368,"Tim Kraayenbrink",Tim,,Kraayenbrink,,,2,R,2,Sen,SD-005
17369,"Brian Best",Brian,,Best,,,2,R,1,Rep,HD-012
17370,"John Kooiker",John,,Kooiker,,,2,R,1,Rep,HD-004
17394,"Abby Finkenauer",Abby,,Finkenauer,,,1,D,1,Rep,HD-099
17395,"Zach Nunn",Zach,,Nunn,,,2,R,1,Rep,HD-030
17430,"Tom Shipley",Tom,,Shipley,,,2,R,2,Sen,SD-011
17453,"Darrel Branhagen",Darrel,,Branhagen,,,2,R,1,Rep,HD-055
17458,"Michael Sexton",Michael,V.,Sexton,,Mike,2,R,1,Rep,HD-010
17459,"Ken Rizer",Ken,,Rizer,,,2,R,1,Rep,HD-068
17460,"Gary Carlson",Gary,L.,Carlson,,,2,R,1,Rep,HD-091
17617,"David Sieck",David,,Sieck,,,2,R,1,Rep,
17825,"Tom Moore",Tom,,Moore,,,2,R,1,Rep,HD-021
17851,"Charles Holz",Charles,,Holz,,,2,R,1,Rep,HD-005
